1|308|385|215|"2022-07-24"|84.61
2|808|181|153|"2007-12-23"|27.54
3|629|365|187|"1985-04-01"|73.79
4|452|163|880|"2011-11-24"|85.60
5|184|109|397|"1986-01-28"|63.74
6|158|316|894|"1976-12-25"|42.55
7|890|212|328|"2007-07-24"|28.77
8|925|311|479|"2013-12-28"|93.64
9|743|174|187|"1971-02-14"|32.05
10|415|375|924|"1971-02-05"|31.82
11|266|106|679|"2002-03-30"|45.34
12|48|239|964|"2013-08-19"|60.41
13|919|218|442|"1980-01-03"|29.86
14|191|46|271|"2023-08-30"|83.08
15|680|73|14|"1970-08-06"|74.58
16|551|386|417|"2020-04-09"|33.60
17|861|217|977|"1977-07-09"|91.13
18|917|98|511|"2005-02-16"|22.02
19|875|133|74|"1979-12-04"|13.14
20|965|350|835|"1975-12-18"|29.58
21|823|368|665|"2001-08-27"|10.11
22|242|329|488|"1999-03-12"|68.69
23|256|268|383|"1984-10-13"|47.25
24|694|288|858|"1997-12-25"|27.17
25|231|357|517|"1972-04-12"|42.87
26|437|314|400|"2015-06-30"|76.13
27|323|332|343|"2013-11-11"|55.53
28|247|363|825|"2000-06-26"|15.13
29|974|47|377|"2020-11-04"|85.53
30|71|360|913|"1985-03-02"|41.69
31|419|122|309|"1972-11-14"|22.52
32|479|237|590|"1982-11-06"|54.46
33|437|69|973|"1981-03-06"|87.01
34|44|304|525|"1989-06-22"|42.54
35|587|127|157|"1974-02-13"|32.51
36|964|287|395|"2017-05-12"|94.27
37|867|77|168|"2008-06-27"|67.73
38|221|382|903|"1986-11-04"|21.95
39|815|195|441|"1992-09-26"|42.97
40|975|296|239|"1971-02-27"|76.33
41|888|388|228|"2007-05-28"|41.15
42|368|346|876|"1988-01-11"|67.94
43|557|361|8|"1983-10-04"|21.31
44|525|326|96|"1977-07-19"|72.69
45|846|368|237|"1996-07-16"|42.88
46|14|158|791|"2000-06-06"|20.61
47|482|197|315|"2015-01-03"|57.18
48|734|356|535|"2007-06-09"|32.15
49|452|312|152|"1975-01-05"|42.85
50|591|31|541|"2019-05-30"|81.81
51|729|132|869|"1992-07-04"|82.95
52|874|375|458|"2001-11-26"|71.81
53|225|143|752|"1990-05-12"|21.51
54|633|235|899|"2020-06-20"|87.34
55|327|216|684|"2001-06-30"|29.60
56|679|383|309|"2000-05-02"|90.28
57|154|143|254|"2017-08-12"|23.12
58|470|3|334|"1981-05-10"|13.70
59|387|269|843|"2008-07-10"|89.30
60|14|229|405|"2007-12-28"|14.96
61|283|2|879|"1997-07-28"|53.19
62|347|102|88|"2000-04-24"|57.55
63|149|149|741|"1986-08-14"|86.60
64|10|87|570|"2020-10-03"|97.95
65|991|254|908|"1991-06-12"|20.42
66|435|190|67|"2013-11-10"|50.30
67|141|112|588|"1978-08-06"|41.04
68|669|309|471|"2012-05-27"|43.14
69|59|95|386|"1999-10-10"|24.68
70|63|262|157|"1987-08-03"|62.11
71|126|377|983|"1989-03-16"|40.39
72|976|9|272|"2013-12-10"|47.27
73|889|89|843|"1978-12-19"|13.35
74|103|118|910|"1993-09-20"|72.32
75|706|49|289|"1986-01-28"|14.75
76|733|239|778|"1992-01-13"|25.41
77|396|240|406|"2018-10-03"|71.07
78|245|289|196|"1979-07-07"|39.50
79|735|388|935|"2014-04-10"|64.26
80|964|83|49|"1974-02-01"|69.09
81|130|2|877|"2009-10-18"|47.80
82|828|228|620|"1977-12-03"|21.45
83|422|38|696|"2013-08-08"|29.46
84|448|373|842|"2013-11-11"|74.47
85|429|286|370|"1993-08-09"|93.16
86|45|166|253|"2013-05-24"|92.49
87|555|362|666|"1984-09-03"|95.41
88|440|341|229|"1985-03-22"|82.35
89|87|72|50|"2007-12-22"|69.09
90|955|159|381|"2007-11-19"|77.96
91|457|305|527|"2016-10-13"|82.29
92|266|159|824|"2005-03-29"|52.14
93|637|316|31|"1997-07-26"|14.31
94|561|161|159|"2012-01-29"|37.85
95|797|197|362|"2018-08-15"|47.01
96|664|184|702|"2021-02-04"|61.65
97|589|329|873|"1992-01-31"|76.69
98|35|184|493|"2014-02-19"|42.09
99|112|176|867|"1974-02-08"|65.63
100|875|99|717|"2011-03-02"|36.82
101|511|148|709|"1998-03-28"|58.70
102|653|261|617|"2009-03-21"|52.86
103|765|134|83|"2008-01-13"|85.61
104|734|22|462|"1978-09-24"|41.91
105|603|240|770|"1971-12-18"|47.53
106|747|54|402|"2011-08-28"|81.89
107|517|375|50|"1998-01-04"|21.38
108|406|272|980|"1994-10-26"|92.23
109|731|144|632|"1973-08-31"|56.22
110|442|18|187|"2016-06-27"|51.49
111|1000|135|723|"1998-05-25"|17.08
112|587|151|824|"1975-01-27"|82.96
113|532|238|961|"1977-05-21"|41.75
114|577|77|259|"2005-02-08"|50.83
115|10|142|904|"1988-03-21"|43.26
116|197|94|467|"1981-11-05"|13.49
117|87|314|695|"1976-10-21"|53.93
118|758|322|206|"1981-06-27"|80.28
119|452|84|525|"2000-04-30"|34.38
120|178|234|352|"2023-03-03"|51.18
121|330|311|980|"1971-08-16"|58.29
122|185|367|298|"2004-02-26"|69.62
123|862|279|390|"2015-07-23"|31.86
124|685|189|150|"2012-03-09"|39.99
125|33|286|350|"2000-08-05"|69.99
126|726|71|223|"1970-08-04"|27.42
127|257|388|604|"2011-01-16"|96.58
128|337|238|46|"2017-06-10"|63.70
129|59|296|290|"1974-05-20"|69.96
130|892|305|818|"1995-06-02"|56.59
131|95|11|619|"1997-11-20"|15.84
132|138|134|269|"1988-10-02"|83.62
133|491|390|388|"1977-08-17"|53.80
134|483|326|889|"2017-08-22"|54.71
135|536|158|133|"1970-05-23"|48.94
136|565|23|610|"2018-06-02"|70.50
137|272|312|740|"1979-05-24"|55.99
138|233|121|384|"1975-11-15"|76.67
139|589|183|578|"1976-11-17"|63.49
140|466|87|718|"1985-07-11"|28.39
141|454|19|106|"1995-03-22"|98.07
142|244|245|826|"2007-11-14"|39.87
143|367|96|413|"1995-10-29"|78.18
144|672|15|824|"1973-08-31"|86.69
145|814|293|225|"2019-04-10"|74.33
146|441|82|382|"1980-06-21"|20.38
147|413|284|391|"2002-07-27"|27.04
148|239|240|158|"1972-08-02"|41.26
149|653|83|249|"2003-07-21"|35.68
150|614|69|20|"1976-01-17"|14.00
151|535|267|7|"2010-05-26"|61.87
152|656|300|413|"2019-04-08"|97.90
153|934|351|792|"1992-07-12"|86.58
154|478|91|460|"2010-04-18"|13.52
155|69|233|478|"1992-12-03"|17.04
156|646|5|726|"2017-12-18"|14.93
157|493|204|526|"1975-04-05"|26.62
158|73|260|918|"1983-08-29"|96.87
159|730|278|881|"1993-11-27"|15.14
160|774|19|512|"1977-04-07"|89.70
161|307|232|659|"1970-04-23"|29.92
162|747|52|877|"1971-08-17"|24.10
163|460|384|380|"1975-04-09"|21.30
164|436|79|242|"1997-12-15"|10.75
165|684|155|647|"1974-04-26"|65.28
166|493|73|530|"2006-01-31"|50.34
167|884|383|781|"1983-01-07"|36.14
168|821|37|183|"2014-08-29"|88.33
169|184|131|746|"2003-07-16"|69.73
170|19|263|40|"1973-08-29"|37.74
171|530|198|144|"2005-06-15"|89.15
172|296|350|821|"1984-11-15"|58.08
173|854|88|714|"1981-08-22"|81.04
174|413|255|71|"2005-08-21"|62.01
175|880|142|645|"1984-11-16"|40.16
176|985|63|750|"2023-01-23"|70.19
177|292|339|912|"2022-08-17"|39.91
178|200|81|265|"1978-10-05"|47.80
179|529|355|362|"1989-08-27"|54.13
180|368|211|351|"1982-03-18"|62.36
181|295|124|71|"1982-01-24"|43.72
182|789|236|996|"2015-12-25"|46.87
183|217|130|410|"2006-08-30"|23.18
184|830|156|836|"2008-07-27"|43.74
185|475|35|31|"2007-09-30"|42.73
186|104|141|281|"2015-09-29"|34.24
187|970|19|73|"2014-08-28"|88.52
188|281|248|610|"1997-09-17"|39.86
189|374|41|879|"2006-02-22"|69.06
190|694|82|111|"2011-08-10"|64.32
191|708|304|558|"2001-05-31"|83.21
192|268|126|521|"1989-08-13"|28.39
193|932|177|354|"2010-05-01"|94.73
194|523|233|615|"1973-12-16"|45.50
195|409|122|204|"1991-08-08"|56.07
196|945|55|746|"2007-01-23"|24.28
197|812|36|461|"2015-07-04"|88.40
198|971|355|930|"1987-09-03"|72.32
199|574|158|875|"2015-06-15"|17.38
200|453|200|72|"1980-02-25"|25.48
201|242|298|744|"1988-12-05"|96.68
202|223|105|374|"2006-10-17"|89.05
203|454|281|891|"1977-12-22"|11.98
204|706|10|731|"2007-04-05"|41.92
205|76|147|776|"2006-02-27"|33.01
206|38|338|178|"2016-06-04"|52.57
207|569|105|398|"2008-08-29"|10.01
208|555|138|677|"1977-01-06"|68.99
209|551|323|5|"2020-09-14"|57.69
210|404|2|848|"2007-10-21"|80.37
211|692|210|947|"1990-12-19"|27.25
212|359|96|200|"1993-11-04"|62.91
213|599|118|343|"2013-05-22"|63.96
214|902|302|877|"1993-09-05"|86.36
215|882|203|420|"1977-02-06"|21.93
216|301|292|723|"1983-04-16"|94.20
217|538|218|307|"1995-11-04"|69.67
218|408|43|754|"1983-10-22"|66.25
219|891|250|862|"1989-09-05"|43.63
220|42|220|938|"2005-09-12"|57.86
221|383|287|655|"1990-01-20"|25.64
222|512|311|328|"2004-01-15"|13.50
223|691|341|914|"1970-04-29"|61.27
224|864|126|603|"1992-11-28"|53.13
225|566|258|934|"2004-09-03"|11.16
226|596|88|63|"2020-01-16"|35.37
227|696|43|855|"2004-12-16"|39.01
228|429|49|5|"2020-04-08"|42.92
229|459|246|29|"1971-01-16"|65.61
230|206|119|53|"1996-07-08"|24.02
231|402|170|685|"1998-01-23"|89.79
232|149|62|664|"2004-05-23"|47.99
233|127|254|705|"1976-01-20"|14.44
234|43|299|378|"1991-05-13"|83.66
235|851|267|478|"1996-08-16"|99.58
236|240|236|830|"1997-08-07"|84.61
237|634|287|563|"1976-08-11"|72.71
238|452|131|379|"1970-07-22"|47.71
239|873|246|90|"1996-03-12"|67.25
240|752|369|521|"1993-04-21"|98.31
241|561|317|699|"2017-06-04"|83.80
242|963|259|647|"2008-05-10"|32.54
243|357|372|240|"1997-03-28"|95.30
244|357|157|23|"2008-06-24"|33.19
245|519|32|978|"1971-07-18"|34.83
246|265|74|273|"2006-12-13"|36.64
247|259|201|950|"2014-08-12"|90.65
248|420|20|495|"1972-08-18"|38.04
249|519|385|253|"1995-07-26"|15.01
250|131|65|388|"1977-10-16"|46.00
251|892|303|100|"2006-03-21"|58.23
252|563|44|424|"1979-08-20"|78.66
253|381|215|855|"2011-03-12"|25.79
254|350|99|30|"1995-07-16"|91.92
255|405|264|24|"1982-10-28"|11.13
256|304|228|372|"1975-07-01"|89.83
257|587|30|319|"1972-08-24"|69.69
258|836|223|939|"1977-10-28"|10.85
259|877|230|448|"1975-02-18"|62.39
260|711|25|898|"2017-07-26"|23.06
261|470|131|165|"2012-08-02"|21.37
262|790|23|86|"1995-03-13"|46.76
263|542|182|383|"1981-05-10"|75.94
264|897|349|948|"1976-08-01"|79.97
265|897|71|775|"1972-01-22"|19.69
266|394|332|113|"2021-02-21"|68.71
267|59|189|319|"2000-12-12"|11.20
268|145|172|577|"1982-02-01"|91.15
269|986|160|643|"1986-05-14"|97.05
270|138|237|805|"2010-06-28"|92.97
271|141|196|256|"1997-03-06"|10.70
272|984|215|402|"2020-01-31"|25.37
273|535|1|63|"1995-07-30"|55.46
274|926|65|859|"1993-11-01"|18.82
275|470|97|248|"2020-04-02"|51.12
276|855|379|808|"1977-12-22"|76.18
277|720|129|887|"1982-07-28"|27.74
278|601|250|610|"2018-12-19"|64.65
279|938|287|943|"2016-05-11"|33.77
280|807|172|118|"2015-04-13"|39.31
281|9|302|933|"1991-01-19"|83.63
282|868|365|323|"1994-04-19"|25.46
283|281|146|31|"1976-12-09"|92.98
284|737|11|200|"1992-03-23"|53.55
285|693|77|96|"1997-02-16"|48.16
286|621|20|329|"1988-09-15"|30.28
287|730|125|539|"2002-04-07"|71.55
288|321|118|448|"1981-07-17"|87.12
289|266|154|450|"1974-07-05"|87.43
290|605|199|230|"1999-02-13"|29.10
291|469|10|896|"2001-12-15"|64.94
292|394|179|154|"2000-08-27"|62.88
293|310|58|514|"2009-11-26"|64.56
294|319|250|210|"2018-06-02"|78.91
295|927|28|847|"1972-03-22"|53.14
296|144|163|150|"2014-12-19"|53.61
297|972|76|315|"2021-07-31"|79.34
298|199|288|767|"1995-02-12"|93.03
299|833|95|818|"1972-04-11"|66.88
300|857|328|471|"2022-04-10"|84.19
301|490|294|397|"2004-05-12"|36.17
302|660|114|390|"1996-10-14"|63.18
303|292|59|687|"2020-05-02"|69.46
304|329|67|864|"1985-08-27"|43.11
305|796|356|674|"1983-06-08"|75.48
306|159|229|219|"1996-10-08"|41.37
307|289|288|592|"1973-05-26"|69.30
308|20|74|651|"2017-08-16"|82.89
309|822|399|839|"2012-05-29"|93.99
310|165|45|629|"1971-05-30"|45.54
311|414|377|899|"2014-08-29"|15.84
312|629|155|482|"1976-10-23"|20.79
313|169|229|997|"2017-11-13"|21.80
314|322|79|404|"2022-03-01"|19.06
315|21|230|130|"2022-01-03"|17.71
316|400|266|343|"1976-02-28"|50.26
317|446|26|99|"2011-01-01"|77.11
318|802|224|666|"2001-03-23"|70.57
319|813|297|452|"2020-07-19"|61.48
320|858|15|115|"1990-04-10"|53.77
321|914|387|316|"1986-07-12"|54.65
322|620|179|628|"1998-04-26"|62.67
323|109|12|716|"1973-04-10"|71.64
324|541|392|386|"2020-09-14"|40.17
325|962|77|306|"1972-07-31"|37.46
326|907|400|517|"1987-12-10"|68.05
327|813|68|824|"1972-12-03"|53.14
328|111|294|267|"2012-08-05"|20.15
329|248|354|527|"2020-03-17"|35.46
330|284|392|491|"1999-08-21"|90.69
331|158|293|181|"1982-09-18"|32.61
332|125|390|213|"1980-05-26"|72.92
333|127|139|364|"2000-11-10"|42.64
334|27|17|762|"1970-06-07"|31.40
335|848|195|412|"2017-05-17"|75.53
336|473|301|750|"2002-02-02"|10.21
337|7|81|352|"2009-07-29"|99.12
338|49|185|450|"2011-11-25"|47.96
339|7|113|4|"1980-04-07"|73.09
340|983|324|362|"1971-05-07"|26.38
341|432|341|591|"1992-01-27"|64.15
342|34|58|299|"1977-01-04"|14.28
343|838|198|458|"2008-02-20"|50.03
344|672|312|960|"2021-01-03"|37.35
345|264|309|420|"2011-11-01"|20.99
346|299|17|440|"2003-11-26"|75.69
347|610|169|784|"2013-08-02"|25.12
348|490|247|430|"1988-11-14"|61.95
349|806|195|287|"2015-05-25"|17.90
350|194|229|794|"1994-06-02"|83.99
351|256|35|183|"2013-12-27"|97.26
352|198|92|892|"2006-06-28"|18.78
353|679|204|372|"1989-07-15"|28.81
354|361|139|791|"1985-12-06"|77.42
355|266|17|496|"2001-03-08"|80.94
356|457|73|441|"2000-12-30"|16.15
357|438|347|393|"2003-09-10"|45.69
358|615|23|67|"1972-06-01"|85.86
359|587|378|902|"1982-06-17"|22.22
360|310|248|172|"1986-10-14"|28.90
361|429|3|940|"2022-06-04"|41.30
362|953|229|309|"1973-08-29"|80.59
363|539|347|397|"1972-09-13"|50.31
364|58|163|586|"1970-09-18"|45.77
365|953|149|897|"2005-10-30"|87.35
366|621|143|619|"2011-07-16"|22.76
367|300|378|301|"2014-09-07"|65.94
368|473|275|177|"1978-06-01"|81.01
369|630|4|270|"1998-01-23"|99.74
370|115|298|83|"2005-01-31"|46.81
371|717|280|228|"1999-04-09"|28.25
372|94|339|124|"1987-03-05"|24.42
373|97|395|56|"1998-04-02"|42.50
374|152|332|470|"1983-04-04"|14.57
375|560|308|923|"1987-09-23"|23.01
376|640|190|913|"1991-02-22"|74.89
377|660|65|676|"2016-03-24"|32.10
378|529|354|216|"1971-01-20"|35.03
379|622|113|34|"2022-04-16"|36.22
380|687|260|147|"1974-07-04"|86.79
381|174|211|362|"1981-12-08"|59.23
382|669|128|487|"2008-11-21"|34.05
383|336|46|875|"1977-06-13"|20.55
384|403|77|540|"2005-10-22"|11.07
385|499|382|303|"1990-02-28"|13.02
386|981|82|23|"2015-03-22"|16.69
387|74|333|668|"1990-08-17"|86.22
388|751|325|728|"1975-12-23"|44.06
389|56|64|65|"1989-11-13"|72.57
390|843|371|402|"1975-09-13"|70.39
391|545|237|486|"1981-03-11"|46.42
392|518|30|474|"2021-03-28"|94.87
393|313|28|81|"1972-02-26"|10.98
394|29|60|226|"2003-11-18"|22.05
395|705|317|681|"2005-09-30"|16.50
396|382|155|100|"1998-06-25"|81.37
397|49|198|848|"1997-11-27"|76.74
398|519|177|987|"1996-01-01"|28.66
399|755|141|207|"1983-10-20"|21.74
400|889|90|214|"1996-05-31"|37.90
401|554|265|642|"2016-12-06"|41.60
402|381|56|926|"1988-04-10"|36.89
403|598|9|926|"2006-11-12"|89.29
404|765|308|748|"1971-05-08"|20.60
405|495|287|71|"1987-01-04"|92.30
406|346|44|989|"1985-05-21"|28.01
407|249|202|7|"1977-04-19"|38.43
408|782|285|452|"2002-06-18"|58.54
409|615|380|281|"1987-03-15"|81.89
410|818|166|691|"1993-06-13"|73.36
411|665|37|313|"1981-02-07"|75.37
412|471|292|248|"2005-10-30"|46.96
413|652|82|694|"2001-04-20"|93.54
414|341|244|743|"2021-08-21"|38.38
415|524|242|386|"1980-01-30"|32.34
416|305|246|719|"1992-09-03"|11.17
417|97|276|782|"1992-12-21"|30.55
418|456|372|970|"1973-04-10"|77.33
419|762|168|766|"1985-11-15"|88.79
420|846|197|866|"1990-04-27"|27.57
421|127|101|949|"1983-03-04"|95.94
422|895|223|897|"1984-01-28"|82.72
423|929|140|856|"1994-10-07"|88.64
424|300|261|947|"2022-09-21"|37.61
425|937|121|542|"2021-05-02"|62.75
426|797|242|840|"1990-07-06"|28.62
427|396|222|235|"1988-11-09"|78.78
428|373|14|521|"2022-04-26"|76.21
429|601|137|263|"2015-06-09"|57.70
430|175|79|554|"1995-02-16"|80.98
431|480|380|979|"1974-03-01"|47.95
432|585|363|406|"2018-08-30"|48.35
433|129|118|584|"1992-02-29"|66.37
434|438|223|479|"2019-07-10"|96.54
435|357|400|700|"2007-10-23"|97.72
436|780|349|224|"1998-03-15"|82.02
437|703|356|166|"1997-03-24"|61.58
438|5|312|759|"1974-05-13"|29.94
439|610|245|147|"2019-11-29"|80.89
440|866|127|147|"1992-01-18"|17.31
441|585|120|994|"1998-08-26"|66.19
442|978|224|25|"2002-08-17"|22.65
443|603|133|677|"1975-01-23"|49.15
444|530|184|207|"1975-03-25"|87.53
445|755|53|347|"1988-09-06"|31.54
446|277|385|402|"1970-05-17"|84.55
447|72|236|59|"1993-07-03"|41.70
448|85|113|183|"2022-06-15"|78.29
449|928|257|722|"2000-10-02"|93.37
450|168|306|536|"2002-02-08"|63.08
451|729|57|359|"1993-10-18"|69.72
452|526|382|535|"2023-09-01"|41.32
453|9|29|849|"1998-01-31"|77.54
454|264|291|941|"1984-06-03"|91.06
455|751|392|746|"1974-08-18"|17.38
456|352|98|746|"1985-09-20"|31.43
457|377|386|983|"1993-10-02"|79.06
458|955|19|253|"1971-01-20"|82.43
459|388|247|633|"2003-06-04"|60.41
460|117|222|600|"1977-11-26"|83.83
461|828|141|127|"1975-08-21"|33.60
462|326|11|403|"1977-12-13"|95.53
463|790|311|47|"1994-05-21"|98.46
464|305|316|708|"1994-05-26"|47.86
465|702|310|757|"1998-11-22"|87.39
466|305|37|1|"1971-03-12"|61.44
467|604|81|98|"1985-03-28"|93.20
468|673|213|733|"1986-03-15"|73.74
469|687|230|975|"1979-08-01"|11.22
470|890|199|803|"1978-10-24"|64.66
471|974|36|127|"1980-03-19"|21.25
472|661|37|718|"1995-09-19"|76.44
473|199|67|510|"2012-07-10"|38.86
474|472|118|64|"1980-04-22"|27.61
475|377|154|693|"2015-10-12"|35.33
476|806|93|272|"1986-06-02"|20.80
477|639|188|993|"1979-11-16"|34.26
478|833|168|203|"2019-12-19"|56.75
479|24|318|308|"1986-03-11"|42.62
480|583|339|940|"2019-11-17"|20.21
481|546|155|926|"2014-10-03"|96.12
482|299|222|463|"2013-09-25"|87.25
483|249|180|937|"2022-01-26"|95.62
484|225|303|695|"2010-10-27"|89.76
485|713|109|737|"1973-09-13"|44.03
486|293|197|36|"1980-07-21"|39.03
487|383|253|952|"1970-03-03"|81.35
488|379|370|137|"1974-10-23"|91.89
489|549|386|351|"1990-09-16"|97.98
490|50|211|905|"2010-01-07"|89.94
491|667|369|217|"1985-01-25"|71.38
492|361|249|768|"2004-12-30"|45.88
493|1|368|926|"2022-10-19"|14.31
494|535|237|902|"1982-02-08"|32.99
495|929|58|201|"2013-12-01"|61.40
496|73|347|111|"2017-11-18"|64.52
497|584|33|642|"1987-09-27"|15.59
498|386|188|55|"2013-12-11"|45.78
499|76|96|527|"2002-10-07"|26.64
500|242|278|696|"1989-02-23"|81.79
501|825|93|395|"1990-05-31"|38.91
502|899|54|9|"1982-09-03"|73.83
503|174|209|455|"1989-12-05"|96.70
504|186|375|564|"1983-06-19"|31.04
505|568|108|547|"2006-11-11"|51.32
506|268|298|661|"1999-01-23"|68.77
507|567|60|995|"2009-10-21"|71.80
508|216|356|499|"1998-07-30"|76.51
509|64|66|251|"2012-06-07"|69.44
510|520|325|993|"1981-07-11"|16.89
511|898|95|787|"1971-09-19"|20.18
512|813|66|572|"1979-05-05"|20.10
513|895|157|628|"1979-02-19"|29.06
514|498|295|762|"1982-01-30"|47.35
515|326|32|667|"2020-03-09"|10.33
516|123|370|77|"2002-02-07"|18.41
517|269|332|992|"2007-05-28"|42.99
518|163|123|906|"1976-10-30"|73.41
519|409|188|66|"1990-08-25"|27.43
520|846|162|237|"2002-01-26"|13.63
521|942|260|156|"2001-12-05"|66.58
522|389|179|624|"1975-05-29"|31.05
523|233|271|929|"1980-12-29"|60.60
524|444|363|249|"2010-10-18"|88.96
525|371|197|963|"2001-07-08"|19.79
526|618|111|380|"1985-10-31"|68.31
527|390|22|868|"1987-08-31"|90.23
528|971|212|531|"2008-03-01"|60.90
529|137|357|91|"1970-08-08"|40.35
530|504|171|984|"1979-03-05"|19.66
531|553|105|3|"2020-08-08"|99.42
532|778|85|556|"1972-07-31"|29.83
533|918|371|97|"2023-05-22"|51.78
534|90|364|664|"2000-01-06"|20.18
535|922|2|286|"1990-04-04"|70.87
536|300|376|997|"2015-06-06"|82.87
537|950|129|735|"1970-08-16"|31.34
538|267|183|385|"2002-06-06"|76.44
539|423|34|488|"2017-12-13"|26.69
540|713|186|803|"1994-12-04"|40.77
541|628|182|221|"1983-01-29"|18.48
542|775|340|837|"2007-01-19"|59.74
543|943|269|941|"2010-05-14"|15.60
544|973|387|225|"1978-05-23"|58.30
545|550|169|53|"1986-10-25"|74.28
546|154|210|119|"1990-08-10"|20.57
547|867|189|646|"2021-08-26"|51.27
548|641|257|141|"1971-09-19"|92.24
549|299|382|644|"1995-03-03"|87.28
550|561|141|647|"1993-03-16"|87.33
551|942|288|446|"1986-08-28"|75.83
552|221|162|348|"1987-08-11"|39.71
553|330|327|601|"2009-03-23"|13.36
554|627|143|443|"2004-07-30"|53.51
555|31|319|897|"2007-05-05"|88.47
556|924|83|394|"2002-02-11"|84.91
557|156|152|730|"1995-08-01"|77.66
558|968|124|367|"2020-03-17"|86.79
559|608|243|283|"2002-02-19"|21.22
560|823|100|564|"2000-03-16"|19.87
561|586|237|643|"1978-03-23"|10.69
562|942|184|461|"1978-07-03"|58.94
563|318|271|953|"1987-08-24"|76.66
564|103|96|197|"2001-02-23"|86.19
565|412|257|869|"1984-08-19"|73.35
566|69|205|322|"2012-11-28"|77.56
567|628|297|651|"1988-12-04"|66.73
568|854|149|920|"1978-08-25"|79.85
569|175|228|920|"1982-07-20"|90.38
570|212|36|897|"1996-04-14"|36.70
571|707|355|710|"1982-10-17"|51.65
572|990|366|981|"2002-12-10"|86.68
573|37|133|79|"2022-03-03"|38.27
574|749|89|442|"2010-12-18"|14.15
575|716|310|830|"2010-04-08"|56.15
576|285|323|105|"2019-12-04"|39.37
577|581|103|622|"1975-05-27"|81.89
578|59|269|648|"1993-01-01"|26.69
579|480|393|105|"2014-05-01"|46.77
580|706|320|205|"1995-06-07"|77.42
581|534|74|657|"2023-01-28"|81.67
582|672|347|800|"2007-07-19"|62.09
583|923|306|754|"1987-02-24"|14.96
584|931|203|974|"1995-03-14"|64.11
585|278|65|970|"1989-11-01"|22.77
586|984|379|396|"1992-04-15"|54.16
587|754|252|220|"2014-03-01"|25.06
588|497|369|365|"2000-06-13"|42.56
589|303|92|160|"2011-11-09"|15.50
590|822|258|724|"1999-09-26"|11.04
591|307|47|769|"1981-01-28"|41.84
592|715|384|191|"1971-09-22"|97.40
593|88|236|181|"2011-06-09"|35.83
594|163|237|644|"1981-01-13"|95.13
595|930|272|841|"2002-05-18"|88.54
596|60|356|476|"1983-06-16"|99.73
597|576|16|826|"2002-08-04"|89.07
598|813|265|395|"2009-10-30"|99.39
599|232|187|369|"1972-02-01"|30.62
600|714|15|122|"2012-05-20"|40.30
601|41|370|119|"1987-08-22"|13.90
602|508|329|263|"2011-06-16"|30.84
603|406|112|154|"2022-09-28"|86.05
604|479|98|631|"1990-09-01"|86.43
605|756|166|609|"1985-05-26"|62.80
606|712|377|217|"1971-08-23"|50.43
607|202|340|252|"2017-08-24"|16.57
608|309|309|215|"1974-08-04"|29.83
609|518|124|778|"1972-03-25"|59.40
610|688|265|182|"2005-08-24"|64.54
611|832|158|635|"1990-10-09"|32.76
612|838|368|40|"1987-02-05"|59.13
613|640|217|512|"1975-07-12"|76.76
614|769|225|228|"1987-11-21"|26.71
615|763|328|630|"1991-08-20"|41.15
616|752|305|131|"2005-09-28"|60.01
617|881|132|689|"1984-12-11"|32.17
618|826|163|124|"2021-09-21"|79.62
619|326|98|291|"2010-11-16"|51.07
620|866|335|601|"1996-11-13"|59.48
621|178|355|337|"1990-03-11"|36.89
622|721|331|61|"1971-08-01"|82.45
623|69|335|260|"2010-11-04"|67.09
624|370|335|428|"2014-09-01"|56.89
625|220|271|18|"1978-04-09"|33.18
626|170|365|192|"1976-08-06"|85.92
627|948|352|113|"2003-04-30"|11.29
628|128|288|410|"1996-03-09"|53.27
629|253|339|597|"1971-10-31"|74.22
630|908|377|530|"2001-03-25"|19.86
631|512|367|256|"2022-05-15"|89.17
632|631|169|286|"1990-01-04"|71.69
633|227|37|252|"2001-02-02"|83.83
634|332|180|484|"2012-08-02"|98.09
635|977|360|453|"1975-06-30"|62.12
636|237|70|20|"1991-06-21"|84.79
637|21|211|592|"2020-10-19"|21.51
638|291|110|768|"2016-01-02"|30.67
639|526|201|809|"2000-02-09"|91.86
640|994|267|521|"1992-05-15"|72.03
641|383|234|214|"2001-07-02"|30.84
642|130|78|869|"1970-01-31"|11.34
643|829|275|704|"1979-03-02"|16.92
644|852|26|22|"2010-08-12"|48.40
645|303|258|261|"2016-09-24"|81.75
646|625|171|706|"2009-07-15"|88.31
647|284|17|997|"1980-05-20"|47.79
648|369|387|737|"2018-06-26"|39.76
649|431|140|474|"2018-05-09"|86.37
650|289|357|92|"2022-03-29"|57.74
651|26|398|743|"2011-08-20"|11.70
652|211|262|349|"2006-05-02"|25.37
653|557|2|428|"1983-12-30"|48.19
654|588|302|433|"2009-07-04"|75.27
655|131|140|56|"2007-02-12"|55.54
656|649|364|97|"2012-03-14"|99.88
657|651|225|29|"2009-12-04"|13.89
658|906|134|840|"2004-09-08"|78.23
659|947|1|901|"1971-04-29"|98.71
660|745|220|667|"1999-02-13"|16.59
661|8|305|235|"2011-03-20"|84.41
662|580|216|997|"1979-08-12"|41.29
663|887|134|958|"1972-02-08"|48.24
664|828|249|786|"1971-10-29"|99.55
665|334|108|483|"1987-10-10"|53.25
666|966|257|274|"2020-10-07"|86.89
667|236|296|602|"2014-12-12"|46.87
668|842|390|858|"2013-11-26"|50.89
669|702|320|226|"1986-07-19"|39.72
670|91|223|28|"1998-07-29"|82.80
671|703|229|184|"1970-11-04"|41.26
672|943|172|487|"1995-10-11"|95.22
673|435|382|182|"1986-11-09"|73.18
674|731|215|372|"2002-06-29"|73.07
675|545|193|342|"1986-06-15"|58.53
676|624|367|331|"1991-10-04"|78.73
677|406|89|918|"2019-10-08"|23.17
678|716|351|727|"1981-03-31"|18.75
679|928|159|559|"1971-05-25"|45.47
680|460|137|168|"1980-06-27"|92.95
681|856|302|2|"2012-05-01"|66.24
682|277|148|892|"2006-11-01"|82.38
683|583|84|819|"1984-05-23"|70.70
684|593|125|168|"2003-08-11"|46.59
685|744|76|591|"2017-10-01"|11.78
686|77|94|889|"2001-07-12"|38.49
687|418|41|822|"2018-12-18"|19.68
688|525|385|81|"1984-09-24"|48.09
689|95|332|777|"2017-09-07"|24.24
690|708|136|91|"2008-08-27"|43.89
691|689|332|529|"1989-06-03"|74.50
692|895|169|597|"1970-09-06"|65.49
693|974|124|314|"1989-08-10"|89.79
694|531|166|977|"1986-04-16"|33.36
695|474|96|81|"1995-12-03"|44.36
696|460|170|887|"1985-01-16"|48.11
697|875|76|845|"2020-02-26"|13.00
698|916|59|150|"1996-01-10"|93.78
699|559|59|844|"1982-06-21"|75.65
700|731|329|234|"1988-08-09"|40.99
701|490|167|350|"2011-09-18"|21.82
702|191|367|507|"2016-05-02"|35.78
703|508|296|286|"2007-06-02"|10.58
704|822|24|447|"1973-08-16"|77.31
705|185|151|287|"1989-11-28"|40.76
706|401|243|849|"2006-12-04"|43.20
707|403|383|241|"2017-08-29"|93.22
708|298|337|650|"2018-10-15"|13.94
709|324|349|888|"2010-02-12"|91.60
710|551|344|190|"2004-01-01"|22.05
711|745|60|946|"2005-06-02"|43.49
712|307|211|867|"2010-11-11"|51.40
713|112|71|231|"1979-04-18"|68.62
714|401|350|945|"1988-09-22"|11.14
715|698|162|2|"2002-03-06"|67.35
716|892|383|525|"1990-08-08"|82.16
717|356|384|246|"1986-12-29"|91.77
718|22|189|102|"1980-06-28"|83.45
719|765|386|772|"2019-11-14"|67.01
720|288|100|274|"1976-04-04"|64.26
721|785|29|460|"1982-06-29"|47.35
722|731|201|55|"1987-05-19"|64.49
723|39|374|120|"1994-11-21"|18.33
724|27|362|792|"2009-07-05"|51.61
725|463|357|5|"1977-04-11"|97.88
726|381|247|375|"2007-01-01"|89.89
727|790|318|246|"2009-10-25"|32.81
728|150|380|457|"1983-09-24"|99.18
729|922|298|446|"2007-10-14"|63.21
730|669|180|831|"1991-05-14"|74.37
731|384|34|381|"1982-02-10"|27.86
732|538|296|722|"2008-07-20"|32.99
733|174|28|621|"1982-05-09"|18.83
734|91|217|82|"1978-02-02"|25.43
735|410|226|218|"2006-03-23"|59.25
736|908|155|808|"1970-03-06"|44.48
737|515|355|725|"2011-11-29"|35.59
738|522|65|38|"2018-08-06"|92.67
739|157|340|888|"1977-01-15"|79.11
740|598|89|781|"1973-09-07"|16.57
741|523|174|886|"1993-05-19"|21.04
742|949|358|134|"2002-02-16"|65.67
743|447|106|842|"1998-11-15"|52.04
744|974|374|632|"2004-11-17"|71.24
745|946|360|982|"2009-04-13"|23.16
746|947|367|36|"1971-05-26"|16.50
747|867|92|981|"1986-09-22"|43.63
748|358|202|253|"2012-11-24"|82.29
749|919|317|420|"2002-05-19"|18.45
750|525|361|735|"1971-10-05"|26.16
751|922|329|340|"2015-02-04"|82.02
752|330|302|873|"1978-04-07"|86.48
753|493|170|310|"1975-11-24"|94.64
754|275|338|279|"1974-01-31"|73.01
755|946|156|809|"1993-11-11"|75.48
756|477|52|793|"2006-08-29"|41.16
757|828|188|861|"1989-02-09"|39.95
758|292|241|16|"2020-04-14"|95.60
759|386|303|872|"1983-04-30"|56.33
760|533|312|20|"1980-05-24"|99.92
761|174|193|802|"2014-01-19"|83.63
762|161|260|315|"2005-06-24"|43.83
763|579|35|22|"1984-09-05"|43.25
764|967|399|958|"1989-01-28"|76.61
765|183|345|91|"1997-09-25"|27.92
766|730|230|341|"1988-07-20"|65.59
767|502|271|169|"1974-02-24"|97.96
768|246|143|347|"2013-08-04"|60.21
769|238|94|685|"1980-06-30"|54.32
770|64|288|190|"1994-12-19"|37.62
771|813|335|171|"1976-01-05"|46.04
772|279|201|807|"2008-12-12"|60.87
773|105|174|562|"1992-07-08"|83.20
774|839|324|872|"2015-01-23"|82.70
775|653|216|50|"1997-10-22"|90.19
776|15|266|292|"1980-05-10"|28.10
777|235|298|921|"1986-02-23"|93.17
778|886|351|847|"1989-02-10"|95.97
779|255|120|955|"1975-07-30"|55.07
780|808|56|12|"1998-09-25"|93.93
781|826|326|876|"2011-01-04"|47.25
782|994|30|808|"1972-05-24"|57.22
783|548|72|787|"1975-06-15"|51.39
784|181|63|163|"2014-03-15"|99.80
785|777|393|34|"1983-03-23"|61.14
786|328|176|531|"2008-08-22"|13.93
787|392|113|837|"1970-12-24"|39.33
788|317|78|707|"1998-03-25"|13.78
789|5|41|171|"1980-01-20"|45.73
790|594|60|152|"1972-07-29"|79.83
791|996|91|995|"1994-02-05"|58.68
792|372|216|478|"2020-04-23"|31.34
793|438|209|445|"1978-01-17"|15.93
794|806|12|235|"1976-04-09"|85.59
795|626|79|952|"1992-01-14"|48.35
796|528|173|418|"2002-01-28"|48.30
797|157|147|122|"1972-07-14"|11.92
798|349|279|373|"1980-12-16"|94.12
799|183|139|669|"1970-04-28"|13.30
800|451|29|950|"2013-09-23"|63.05
801|681|205|17|"2018-08-02"|64.12
802|380|8|152|"1985-05-07"|97.60
803|408|117|404|"1983-04-03"|69.47
804|410|315|368|"2005-07-04"|75.95
805|474|34|802|"1993-11-10"|13.58
806|181|195|700|"1976-09-23"|31.36
807|799|370|699|"1971-06-29"|26.90
808|834|176|472|"2003-11-18"|75.19
809|111|42|838|"1986-11-05"|20.24
810|248|31|616|"2005-11-23"|87.19
811|189|9|916|"2022-07-02"|10.22
812|531|131|854|"2016-09-01"|59.23
813|488|310|120|"1980-09-07"|67.79
814|254|269|456|"2004-12-20"|39.25
815|931|138|50|"1989-01-30"|38.81
816|44|108|843|"1974-07-30"|66.53
817|484|13|370|"2005-07-18"|69.44
818|442|130|773|"1970-01-28"|91.17
819|816|45|322|"1991-08-20"|74.11
820|447|165|411|"1974-08-20"|66.60
821|853|68|633|"2002-03-15"|44.12
822|962|72|153|"1983-02-24"|93.64
823|3|190|916|"2014-08-02"|68.61
824|118|261|990|"1995-12-11"|54.28
825|116|143|176|"1997-06-05"|98.31
826|175|351|444|"1991-07-11"|25.10
827|559|241|262|"1997-11-12"|72.19
828|491|159|558|"1982-12-21"|88.02
829|117|371|118|"1989-10-29"|96.99
830|978|93|188|"2002-04-28"|41.36
831|680|304|479|"1976-09-16"|46.29
832|729|102|118|"1974-04-29"|54.39
833|449|78|800|"2021-02-06"|53.54
834|153|78|331|"2018-11-03"|29.86
835|45|13|234|"2011-01-18"|31.95
836|250|124|301|"1979-12-21"|45.41
837|23|278|366|"1985-05-19"|97.15
838|605|149|576|"1995-08-06"|59.40
839|925|130|992|"2019-06-06"|57.21
840|753|135|788|"2022-05-12"|52.04
841|381|278|885|"2011-06-11"|88.60
842|891|14|549|"2013-06-12"|26.19
843|940|201|794|"1976-06-04"|41.22
844|608|50|768|"1990-08-11"|89.85
845|695|76|558|"1983-01-28"|89.52
846|894|80|110|"1973-08-11"|18.22
847|470|222|695|"1982-11-18"|58.92
848|341|363|119|"2012-04-30"|72.96
849|101|125|335|"1980-11-06"|81.66
850|265|102|968|"2006-07-07"|21.27
851|46|130|521|"1999-12-31"|22.47
852|234|362|673|"1979-03-21"|72.12
853|89|44|460|"1989-03-06"|82.13
854|647|334|983|"1998-03-24"|23.42
855|283|305|515|"1998-10-03"|72.23
856|980|264|701|"1981-09-17"|72.46
857|869|198|314|"1972-12-25"|84.89
858|429|106|589|"2014-05-11"|28.32
859|918|172|856|"1994-11-11"|31.02
860|525|267|157|"1980-08-23"|72.24
861|840|51|876|"1974-03-17"|89.62
862|233|196|515|"1980-02-07"|53.81
863|203|17|705|"1971-03-05"|56.30
864|432|321|517|"1976-08-13"|73.11
865|108|267|970|"1988-08-01"|37.24
866|842|96|613|"2007-08-05"|53.76
867|858|171|591|"1981-11-26"|89.80
868|800|275|606|"2018-09-13"|66.48
869|42|300|996|"2013-07-31"|31.22
870|942|196|419|"1989-03-02"|11.43
871|350|246|838|"2000-04-25"|56.41
872|140|208|183|"1992-05-12"|22.86
873|58|127|871|"1998-05-23"|79.60
874|987|92|676|"1980-11-08"|96.89
875|521|25|442|"1970-03-24"|91.57
876|207|380|732|"2000-09-15"|13.41
877|707|337|439|"2007-02-10"|74.22
878|664|10|876|"1981-10-01"|48.37
879|147|252|349|"2021-08-14"|96.92
880|141|378|584|"2011-01-18"|96.84
881|276|258|166|"1989-06-12"|14.29
882|768|258|370|"2005-05-23"|37.64
883|436|322|522|"1976-08-22"|79.42
884|375|203|740|"1993-10-17"|26.17
885|226|398|847|"1997-09-24"|21.35
886|632|110|832|"2019-06-09"|17.68
887|384|224|245|"2015-07-30"|20.43
888|346|288|646|"1997-07-12"|39.84
889|938|104|30|"1971-05-13"|60.71
890|7|151|757|"2014-11-16"|58.16
891|408|198|519|"2018-02-12"|73.09
892|168|80|100|"2009-05-17"|13.20
893|464|118|247|"1997-01-20"|68.70
894|220|146|996|"1985-04-30"|57.18
895|919|98|122|"2005-01-25"|89.26
896|487|366|329|"1975-11-12"|82.60
897|779|236|181|"2018-12-08"|63.11
898|938|302|776|"1994-11-01"|14.70
899|756|284|772|"2021-10-07"|38.28
900|572|324|666|"1985-11-02"|26.04
901|677|181|711|"2011-09-14"|73.38
902|64|383|442|"1970-09-16"|10.22
903|366|275|63|"2012-03-03"|39.89
904|761|169|986|"1998-02-27"|21.33
905|890|183|593|"1974-03-23"|98.55
906|424|63|614|"1978-07-23"|52.90
907|485|41|368|"1970-07-01"|91.82
908|174|155|55|"1979-12-07"|76.92
909|869|314|870|"1993-09-07"|68.27
910|651|180|311|"2017-12-20"|67.29
911|31|124|542|"2008-05-29"|92.37
912|454|256|943|"1972-02-24"|21.77
913|794|211|803|"1996-03-10"|88.24
914|369|327|68|"2016-10-27"|66.93
915|493|82|58|"1980-09-02"|36.00
916|133|60|754|"2009-03-11"|24.28
917|72|3|38|"1995-05-07"|74.34
918|729|245|980|"2013-04-17"|38.48
919|431|248|928|"1990-07-19"|83.41
920|154|51|704|"1992-01-08"|74.80
921|134|176|275|"2004-03-08"|82.79
922|538|162|767|"1999-05-17"|88.61
923|439|233|178|"2010-07-16"|84.68
924|128|340|415|"1974-11-23"|15.86
925|21|113|755|"2006-09-05"|13.61
926|305|37|593|"1998-06-26"|37.25
927|206|201|215|"1990-04-28"|58.13
928|616|236|436|"1998-11-28"|29.39
929|19|118|346|"1993-04-19"|14.26
930|867|275|746|"2000-08-20"|73.68
931|460|34|283|"1986-10-09"|27.44
932|374|201|921|"2007-11-23"|69.24
933|295|197|494|"1975-01-29"|78.15
934|377|17|40|"1990-08-24"|59.21
935|91|247|905|"1997-01-02"|12.51
936|489|368|454|"2018-07-13"|17.82
937|962|319|577|"1996-07-19"|37.47
938|226|103|91|"2014-08-28"|93.45
939|22|225|990|"2008-11-25"|99.67
940|265|61|338|"2005-09-28"|69.65
941|311|342|301|"1986-07-06"|93.13
942|689|60|679|"1979-03-06"|83.83
943|749|271|38|"1985-10-08"|11.60
944|947|123|466|"1994-01-15"|14.70
945|68|339|159|"2000-06-27"|10.62
946|989|121|756|"1996-04-15"|76.51
947|386|74|393|"2013-01-29"|12.65
948|202|219|489|"2023-04-20"|29.13
949|891|273|690|"2004-03-16"|61.35
950|60|394|7|"2022-12-15"|19.36
951|107|73|101|"2015-10-14"|50.70
952|164|88|753|"2012-03-22"|85.09
953|615|65|145|"2008-08-02"|93.48
954|751|295|426|"1978-03-20"|27.33
955|423|52|788|"2006-03-29"|31.61
956|550|364|752|"2017-10-21"|51.93
957|887|36|155|"1976-12-22"|23.25
958|652|92|568|"1973-01-13"|56.69
959|62|56|386|"1979-12-18"|20.79
960|189|325|139|"1976-01-07"|73.20
961|993|317|849|"1976-05-07"|42.97
962|950|11|710|"1980-04-22"|23.45
963|742|393|466|"2015-03-30"|33.51
964|5|191|458|"1988-03-01"|18.81
965|696|280|569|"1996-05-09"|88.45
966|426|147|406|"1970-03-13"|41.07
967|430|377|705|"1976-08-30"|63.66
968|368|80|231|"1982-09-12"|62.57
969|585|297|541|"2021-04-08"|37.79
970|462|35|387|"1988-12-27"|32.78
971|16|4|89|"2007-01-09"|64.81
972|70|111|775|"1982-11-23"|74.70
973|266|165|137|"2001-11-19"|82.14
974|621|153|408|"1985-09-06"|54.61
975|906|325|140|"2010-12-11"|36.48
976|355|271|724|"1978-12-02"|23.32
977|893|346|731|"1990-10-21"|28.00
978|912|228|947|"1975-07-02"|65.48
979|928|343|814|"2019-05-05"|91.05
980|676|196|240|"2001-05-25"|64.17
981|648|266|677|"2021-11-23"|23.42
982|94|156|662|"1975-12-21"|77.90
983|219|369|628|"1980-11-15"|19.89
984|55|4|431|"1972-07-27"|16.90
985|885|17|132|"1971-12-27"|62.12
986|523|31|843|"1982-08-19"|13.95
987|927|130|337|"2009-08-07"|85.15
988|180|134|715|"1988-05-02"|80.80
989|643|372|422|"1996-02-17"|78.27
990|248|365|125|"2004-06-10"|19.90
991|43|51|739|"1992-08-03"|88.55
992|464|248|540|"1975-05-31"|14.94
993|925|253|897|"2005-03-21"|58.73
994|608|223|204|"2002-08-12"|31.69
995|197|98|51|"1996-01-15"|95.71
996|644|313|570|"1991-10-26"|74.48
997|589|181|936|"1999-11-25"|14.43
998|620|75|59|"2019-04-20"|73.67
999|191|181|739|"1991-09-10"|47.79
1000|483|6|362|"1986-12-23"|11.57
1001|526|114|732|"1970-01-02"|21.02
1002|636|231|950|"1975-02-12"|67.37
1003|6|182|59|"1999-03-24"|79.12
1004|962|388|269|"1985-03-02"|15.76
1005|634|277|917|"1989-11-03"|65.40
1006|806|90|660|"1975-04-25"|82.26
1007|398|242|675|"2005-05-16"|53.34
1008|452|132|293|"2005-02-24"|21.94
1009|810|360|625|"2003-12-05"|80.90
1010|909|321|711|"2007-10-29"|42.32
1011|743|147|298|"2019-09-03"|82.67
1012|805|327|194|"2013-11-08"|96.44
1013|703|111|4|"1992-04-01"|49.95
1014|58|70|189|"1998-12-16"|33.58
1015|255|197|446|"2007-05-16"|24.24
1016|144|316|710|"1974-02-25"|22.30
1017|885|390|890|"1980-07-29"|63.98
1018|908|102|615|"1972-03-22"|36.97
1019|921|284|413|"2013-10-30"|13.74
1020|894|220|640|"1993-11-14"|74.06
1021|386|111|931|"1992-09-29"|67.48
1022|391|368|126|"1987-01-15"|67.80
1023|365|383|586|"2023-08-26"|64.19
1024|393|315|303|"2008-12-21"|96.87
1025|389|29|158|"1985-12-22"|55.45
1026|929|191|914|"1978-08-01"|74.94
1027|671|40|542|"2019-11-05"|38.49
1028|875|326|422|"2018-12-14"|47.73
1029|395|87|320|"2022-04-13"|39.91
1030|210|262|199|"1986-04-10"|32.24
1031|758|392|884|"2021-09-01"|94.60
1032|521|172|946|"2011-02-08"|79.24
1033|697|131|386|"2006-03-12"|12.04
1034|256|269|610|"2016-04-14"|90.00
1035|974|101|719|"1971-08-24"|57.91
1036|3|222|77|"2022-06-06"|59.23
1037|947|241|718|"1995-08-19"|54.44
1038|510|265|31|"2011-06-30"|10.27
1039|960|7|734|"2009-01-22"|30.18
1040|391|389|502|"2011-08-20"|97.13
1041|279|109|279|"2019-07-22"|50.79
1042|234|146|823|"1991-05-26"|92.41
1043|479|194|242|"1986-01-13"|83.26
1044|543|106|93|"1990-11-24"|17.11
1045|366|309|378|"2016-07-03"|69.82
1046|927|216|645|"2018-07-30"|32.66
1047|36|329|143|"1975-12-16"|97.15
1048|754|44|727|"2022-09-11"|71.08
1049|542|383|834|"1977-08-17"|70.98
1050|671|96|833|"1994-06-18"|53.25
1051|110|278|609|"2007-10-05"|57.47
1052|146|177|245|"2017-04-16"|58.99
1053|562|327|363|"1987-11-27"|16.34
1054|769|319|275|"1990-02-09"|65.33
1055|47|156|806|"2015-09-03"|39.26
1056|232|309|806|"1993-04-22"|41.14
1057|709|363|576|"1971-02-02"|51.49
1058|144|305|388|"2003-07-06"|69.63
1059|754|302|48|"2015-09-18"|77.80
1060|838|98|273|"2015-01-21"|32.19
1061|803|246|486|"2000-07-11"|85.28
1062|179|122|647|"2003-03-27"|57.77
1063|30|125|253|"1987-10-18"|12.19
1064|420|55|640|"1995-07-06"|38.22
1065|367|187|659|"2014-09-25"|74.75
1066|200|100|501|"2014-08-20"|48.70
1067|952|96|827|"2019-02-02"|60.41
1068|623|138|354|"1993-08-07"|22.45
1069|26|167|438|"1997-09-29"|83.35
1070|36|380|405|"1996-01-17"|12.36
1071|997|326|766|"2012-11-28"|92.67
1072|890|72|431|"1973-07-29"|23.76
1073|819|19|275|"1979-05-08"|60.62
1074|32|130|603|"1989-03-24"|62.63
1075|762|26|299|"1994-06-07"|51.74
1076|254|256|695|"2001-05-13"|85.29
1077|219|265|9|"1977-11-10"|67.94
1078|525|189|900|"1990-04-30"|91.83
1079|284|162|826|"1996-12-13"|91.14
1080|461|206|993|"2001-06-12"|19.58
1081|410|197|133|"2014-02-26"|61.17
1082|967|339|354|"1977-06-08"|72.78
1083|970|313|885|"1988-02-28"|28.04
1084|657|50|660|"1982-03-29"|12.40
1085|845|178|588|"1984-07-18"|32.55
1086|145|10|385|"1987-09-25"|30.01
1087|259|260|815|"1986-05-28"|30.33
1088|655|15|841|"1971-01-01"|35.10
1089|31|47|633|"2000-04-13"|68.98
1090|4|395|45|"2006-12-16"|83.37
1091|615|235|223|"2012-07-11"|88.06
1092|801|298|153|"2015-03-03"|82.69
1093|402|247|515|"2005-12-25"|83.16
1094|740|48|795|"2000-05-24"|33.35
1095|523|102|357|"1975-07-19"|56.69
1096|355|331|762|"1980-05-11"|95.74
1097|719|37|947|"2014-03-22"|82.73
1098|851|65|232|"2022-03-03"|46.04
1099|624|299|663|"2009-05-30"|43.53
1100|466|38|628|"1988-04-26"|16.97
1101|207|106|794|"2018-04-19"|92.40
1102|118|267|862|"1994-11-22"|42.64
1103|337|257|688|"1988-07-05"|35.12
1104|783|224|548|"1986-12-02"|97.74
1105|444|330|924|"1999-10-28"|41.47
1106|572|265|389|"1995-08-07"|56.03
1107|287|328|663|"1975-01-12"|97.67
1108|947|363|432|"1974-08-10"|59.64
1109|930|104|656|"2011-03-12"|83.81
1110|131|90|732|"2000-06-08"|64.44
1111|865|160|521|"2011-08-17"|28.47
1112|455|208|10|"1994-08-03"|43.39
1113|627|210|67|"2004-02-29"|83.95
1114|321|253|25|"2020-01-18"|18.64
1115|138|210|709|"2012-11-08"|51.64
1116|988|371|311|"2000-10-27"|16.87
1117|400|225|347|"2002-08-31"|10.24
1118|50|130|594|"2019-07-13"|32.72
1119|384|389|696|"1990-05-01"|94.47
1120|575|5|218|"1998-09-08"|18.55
1121|921|125|365|"1987-07-31"|60.18
1122|469|231|528|"1973-03-30"|25.58
1123|443|315|491|"1975-10-26"|92.88
1124|526|212|335|"1992-07-31"|43.62
1125|590|85|794|"2014-01-20"|65.50
1126|989|199|143|"2012-03-21"|48.83
1127|367|84|734|"1983-02-26"|77.00
1128|147|271|900|"1970-01-02"|63.54
1129|688|215|418|"1970-11-16"|76.32
1130|708|270|192|"1979-07-01"|39.81
1131|958|372|58|"1983-07-02"|78.47
1132|424|384|856|"2019-08-04"|12.80
1133|54|28|1|"2022-01-08"|89.66
1134|764|112|477|"2005-12-17"|79.75
1135|311|399|812|"1973-04-19"|35.99
1136|516|165|104|"1992-06-27"|76.05
1137|382|299|964|"1993-06-11"|39.71
1138|388|48|660|"1994-01-25"|14.07
1139|195|37|264|"1992-04-12"|51.78
1140|320|47|58|"2002-01-12"|50.47
1141|685|72|597|"1986-04-24"|48.85
1142|761|338|353|"2007-07-31"|48.77
1143|172|197|483|"2007-09-03"|20.95
1144|170|370|300|"1982-04-18"|19.84
1145|300|302|465|"2020-03-15"|78.42
1146|344|193|413|"1977-04-18"|23.70
1147|227|297|231|"2010-10-25"|53.18
1148|458|333|249|"1995-06-21"|95.53
1149|916|99|279|"2017-05-11"|21.31
1150|810|272|960|"2005-11-12"|96.10
1151|725|62|824|"1997-10-02"|50.73
1152|721|323|148|"1989-04-06"|58.87
1153|963|93|132|"1980-08-11"|98.17
1154|423|19|456|"1996-05-30"|15.07
1155|205|392|690|"1975-03-05"|15.19
1156|73|55|785|"1990-12-24"|52.29
1157|66|205|457|"2020-06-28"|62.55
1158|275|343|423|"1982-03-06"|50.06
1159|166|318|36|"2000-07-19"|70.68
1160|52|239|395|"2011-02-10"|63.78
1161|714|275|676|"2013-01-09"|56.38
1162|354|105|648|"1971-03-31"|59.85
1163|243|83|62|"2000-05-19"|79.34
1164|198|327|447|"2015-05-17"|69.76
1165|113|223|397|"1998-12-09"|64.70
1166|425|324|431|"2023-03-13"|52.93
1167|910|281|538|"1997-06-28"|57.52
1168|787|216|296|"1997-11-10"|19.20
1169|976|60|352|"1983-02-19"|32.22
1170|882|49|57|"1972-11-13"|81.71
1171|450|397|142|"1986-08-19"|95.09
1172|694|116|800|"1972-01-10"|31.77
1173|56|213|79|"2013-10-15"|35.39
1174|919|7|908|"2017-02-23"|27.32
1175|205|336|279|"1981-04-02"|59.03
1176|448|119|529|"1997-02-09"|66.84
1177|310|209|384|"1971-12-01"|88.33
1178|942|333|547|"1997-09-19"|29.82
1179|746|139|572|"2000-03-22"|30.02
1180|410|181|477|"2003-05-19"|68.91
1181|782|192|803|"1982-03-21"|24.39
1182|862|157|785|"1971-11-04"|56.46
1183|895|201|942|"2014-10-18"|54.24
1184|448|347|92|"2007-02-06"|33.78
1185|720|351|312|"1999-12-09"|37.97
1186|748|141|441|"1991-11-11"|17.14
1187|620|390|794|"1997-04-23"|29.09
1188|797|371|659|"2022-08-30"|50.44
1189|173|19|881|"1980-11-27"|57.06
1190|759|154|986|"1996-08-19"|12.07
1191|995|124|372|"2011-09-04"|31.93
1192|729|397|331|"2006-09-12"|53.68
1193|627|102|632|"2016-07-29"|72.02
1194|496|134|299|"1986-05-18"|20.82
1195|299|308|357|"2012-04-30"|66.70
1196|877|9|668|"2007-11-21"|26.31
1197|864|116|31|"1977-02-04"|52.25
1198|198|20|547|"2006-08-24"|64.81
1199|168|383|785|"1980-08-04"|52.25
1200|785|152|928|"1990-03-21"|43.51
1201|167|369|479|"1994-02-26"|22.16
1202|793|322|154|"1993-11-17"|80.81
1203|159|194|149|"2007-05-21"|98.91
1204|273|226|327|"2021-03-27"|65.59
1205|104|114|72|"2002-07-20"|15.47
1206|745|330|818|"1990-07-07"|11.93
1207|188|377|687|"1974-06-09"|28.07
1208|167|20|575|"2012-12-04"|37.72
1209|219|39|837|"1993-09-29"|91.17
1210|355|298|321|"2001-03-13"|58.96
1211|771|72|267|"1988-06-28"|32.60
1212|243|325|475|"2010-05-26"|85.54
1213|813|373|981|"2021-05-26"|87.83
1214|982|198|138|"1982-12-30"|40.02
1215|190|395|922|"1988-08-13"|48.69
1216|523|108|763|"2017-05-09"|94.32
1217|732|299|774|"2006-03-23"|28.36
1218|650|108|816|"1995-02-18"|65.22
1219|612|314|814|"2009-11-26"|70.88
1220|116|14|493|"2009-06-15"|70.06
1221|603|257|177|"2008-02-22"|85.15
1222|101|288|889|"1974-08-05"|84.07
1223|821|138|258|"1970-02-01"|44.66
1224|447|282|577|"1993-11-01"|70.86
1225|767|273|519|"2014-08-04"|89.35
1226|470|29|136|"1983-07-28"|65.16
1227|80|15|543|"1971-11-16"|10.81
1228|804|98|19|"2005-06-17"|57.02
1229|424|316|823|"1998-08-29"|87.57
1230|871|99|521|"2022-11-21"|44.57
1231|496|395|396|"2015-03-27"|53.57
1232|366|61|614|"1972-10-02"|20.73
1233|37|54|7|"1984-01-05"|94.48
1234|539|66|189|"2019-02-11"|59.83
1235|336|34|395|"1995-03-01"|93.61
1236|507|236|714|"1998-10-24"|17.75
1237|515|251|150|"2015-12-23"|87.27
1238|727|269|922|"2018-01-30"|23.44
1239|555|351|349|"2013-03-09"|57.62
1240|811|94|536|"1989-09-16"|56.76
1241|436|193|785|"1986-11-10"|43.42
1242|712|56|321|"2022-04-07"|18.39
1243|154|347|979|"2019-04-26"|71.59
1244|668|297|471|"2005-01-31"|69.67
1245|596|218|285|"1994-10-09"|64.36
1246|913|52|216|"2020-07-16"|45.91
1247|924|57|560|"1979-12-05"|39.93
1248|577|74|832|"1991-03-23"|65.94
1249|18|274|411|"2014-05-15"|39.68
1250|136|43|216|"2017-02-17"|68.98
1251|392|100|945|"1981-08-20"|90.42
1252|937|189|481|"1987-02-04"|28.97
1253|40|43|422|"1982-03-07"|10.03
1254|639|31|476|"2008-01-15"|78.76
1255|385|66|577|"2019-09-13"|77.54
1256|660|205|386|"1987-07-02"|77.28
1257|475|183|713|"1997-02-17"|29.02
1258|314|42|82|"2020-11-07"|25.32
1259|316|73|883|"1993-02-17"|62.78
1260|311|390|983|"2009-06-25"|50.56
1261|944|131|546|"2008-01-08"|78.40
1262|707|345|225|"1971-02-23"|27.84
1263|588|262|239|"2006-09-15"|38.10
1264|25|238|602|"1992-06-27"|99.77
1265|587|337|113|"2007-12-19"|30.55
1266|944|220|283|"1974-08-28"|93.64
1267|482|287|439|"1986-05-24"|39.51
1268|775|75|229|"2022-11-07"|29.01
1269|847|381|819|"1988-10-29"|47.89
1270|830|374|30|"2018-02-02"|71.08
1271|486|387|344|"2017-12-29"|97.73
1272|711|80|67|"1971-10-24"|17.48
1273|31|319|752|"2020-03-19"|74.79
1274|75|381|606|"1980-03-07"|25.95
1275|214|220|241|"1983-01-18"|72.05
1276|579|268|77|"1994-10-04"|28.15
1277|475|123|273|"2016-09-29"|51.31
1278|652|105|242|"2013-05-25"|42.22
1279|972|310|302|"2020-02-14"|85.51
1280|754|70|40|"2022-07-01"|90.63
1281|25|293|921|"1978-07-17"|15.27
1282|539|254|35|"1976-08-04"|34.40
1283|19|114|374|"2008-09-21"|39.66
1284|929|216|923|"1982-07-27"|68.25
1285|456|391|635|"1997-03-25"|71.90
1286|211|35|55|"1990-02-15"|38.86
1287|135|250|98|"2001-07-19"|55.82
1288|402|164|149|"1996-12-01"|93.72
1289|416|343|952|"1984-02-10"|87.29
1290|41|15|907|"2008-09-20"|13.29
1291|645|303|477|"2016-02-22"|48.72
1292|360|161|32|"2019-04-13"|35.54
1293|85|36|520|"2020-03-25"|10.70
1294|744|281|136|"1996-04-17"|76.88
1295|340|35|452|"2005-02-15"|13.62
1296|727|382|452|"2012-01-03"|63.99
1297|898|199|217|"2017-09-06"|65.07
1298|807|43|171|"1974-11-22"|55.59
1299|361|196|30|"1970-10-13"|32.06
1300|341|2|428|"2011-02-11"|28.96
1301|342|335|519|"1978-10-03"|51.79
1302|860|303|256|"2009-02-10"|91.63
1303|427|128|976|"2016-09-27"|27.43
1304|34|169|683|"2012-09-24"|31.34
1305|895|211|691|"1977-04-21"|35.19
1306|463|211|833|"2006-07-12"|86.81
1307|950|367|846|"1973-04-25"|33.21
1308|554|84|613|"1971-01-26"|19.33
1309|188|13|575|"2003-06-09"|21.32
1310|178|139|228|"1993-03-30"|68.83
1311|677|240|176|"1985-11-10"|92.07
1312|831|138|22|"1984-10-06"|45.70
1313|6|339|100|"2001-01-08"|91.69
1314|881|148|130|"2012-06-12"|11.24
1315|949|260|746|"1991-07-05"|41.46
1316|913|381|487|"1999-12-21"|22.69
1317|285|301|481|"1991-10-17"|78.53
1318|123|318|883|"2007-12-20"|41.99
1319|79|272|506|"1991-03-06"|32.09
1320|659|155|447|"1977-02-13"|23.45
1321|51|142|924|"2012-12-28"|27.49
1322|82|200|320|"2019-09-20"|92.82
1323|987|135|280|"2023-03-02"|82.68
1324|522|206|22|"1986-02-16"|68.69
1325|888|289|700|"1975-09-16"|66.65
1326|111|6|590|"2010-05-31"|81.90
1327|969|235|413|"2020-02-11"|32.46
1328|875|69|531|"1970-03-18"|21.16
1329|615|42|310|"1982-10-27"|60.83
1330|583|362|446|"2021-07-30"|78.58
1331|720|353|81|"1976-06-02"|14.27
1332|736|270|313|"2015-04-12"|83.43
1333|284|161|940|"1987-07-15"|84.35
1334|252|338|824|"2007-02-23"|84.89
1335|92|179|976|"2020-10-30"|43.89
1336|715|382|927|"1970-10-04"|32.14
1337|746|324|488|"2012-02-20"|27.28
1338|638|25|272|"2022-01-12"|56.91
1339|360|167|946|"1989-11-09"|61.32
1340|531|310|133|"1998-04-19"|78.34
1341|348|140|701|"1975-04-03"|32.22
1342|198|45|185|"1982-12-22"|30.51
1343|302|281|468|"2015-07-14"|65.12
1344|66|57|409|"1989-06-06"|56.73
1345|38|347|262|"2013-10-30"|95.66
1346|27|376|852|"1977-11-20"|18.44
1347|92|286|980|"1996-01-26"|15.88
1348|805|261|398|"2009-09-15"|28.73
1349|461|26|591|"1998-09-12"|60.76
1350|288|354|619|"1992-10-31"|55.97
1351|760|107|200|"2010-02-22"|67.51
1352|283|192|748|"2021-12-07"|62.48
1353|400|98|619|"1997-03-13"|75.12
1354|974|29|556|"1970-10-06"|45.07
1355|5|193|909|"1974-03-09"|15.34
1356|958|87|656|"2017-12-19"|39.92
1357|89|36|257|"1984-01-14"|15.70
1358|153|210|417|"2020-07-21"|16.22
1359|451|36|399|"1990-01-28"|36.81
1360|520|279|553|"2020-04-14"|93.97
1361|566|288|654|"1983-07-04"|97.02
1362|685|112|397|"2021-05-31"|47.53
1363|414|206|110|"1978-05-20"|48.76
1364|427|129|706|"2003-09-04"|92.98
1365|904|305|810|"2006-01-10"|60.73
1366|891|170|299|"2014-10-18"|21.91
1367|641|95|677|"1973-09-15"|86.07
1368|816|233|107|"2006-12-21"|29.36
1369|160|162|786|"2002-03-09"|95.94
1370|490|389|950|"2009-11-11"|90.53
1371|745|97|122|"1995-07-26"|49.29
1372|708|96|157|"2012-03-13"|30.31
1373|410|176|678|"2005-04-05"|94.72
1374|839|196|119|"1980-04-11"|19.57
1375|290|245|82|"1974-02-02"|35.22
1376|269|335|396|"1975-05-15"|65.68
1377|305|360|557|"2010-03-29"|78.90
1378|674|320|515|"2004-08-04"|86.94
1379|177|352|994|"2003-03-07"|74.16
1380|662|64|610|"2018-01-07"|81.30
1381|65|129|92|"1988-05-06"|11.16
1382|207|75|884|"1983-04-27"|66.04
1383|85|173|646|"2017-06-07"|61.48
1384|533|117|981|"1975-04-29"|26.64
1385|899|251|776|"2007-10-08"|48.80
1386|444|254|864|"1976-12-29"|38.58
1387|477|149|963|"2011-05-03"|14.07
1388|665|323|150|"1994-10-23"|87.41
1389|839|164|692|"1999-04-18"|56.99
1390|953|224|798|"1997-08-25"|50.44
1391|476|87|541|"2003-05-31"|58.48
1392|578|262|798|"1983-01-04"|41.62
1393|902|356|570|"2015-03-05"|71.69
1394|723|116|895|"1983-06-12"|20.21
1395|778|392|338|"2018-05-24"|58.70
1396|888|159|140|"2019-02-18"|76.36
1397|732|299|645|"2014-09-26"|30.50
1398|592|271|558|"1985-11-25"|61.90
1399|542|70|441|"1971-07-08"|26.70
1400|329|238|100|"2003-02-16"|18.05
1401|48|8|954|"1990-03-19"|70.34
1402|171|330|80|"2015-01-29"|83.35
1403|495|386|163|"1993-02-03"|82.91
1404|128|277|911|"1994-08-08"|37.71
1405|257|81|950|"2022-04-21"|88.45
1406|632|13|370|"2017-02-01"|99.57
1407|193|138|583|"2021-07-06"|46.36
1408|673|117|625|"2009-02-11"|75.95
1409|698|154|897|"2012-08-24"|68.22
1410|753|339|558|"1988-10-11"|72.99
1411|826|329|56|"2003-06-02"|94.62
1412|682|58|839|"2010-06-11"|16.47
1413|621|189|751|"1978-05-07"|89.96
1414|735|160|169|"2005-01-26"|49.83
1415|833|360|897|"2015-09-08"|31.35
1416|893|79|777|"1990-12-18"|65.43
1417|129|190|670|"2007-09-29"|81.38
1418|842|91|536|"2001-11-01"|63.79
1419|95|40|883|"2000-02-27"|88.46
1420|765|193|373|"1976-06-02"|18.67
1421|356|379|435|"1974-01-14"|95.01
1422|619|46|796|"1997-01-23"|48.11
1423|272|152|426|"2000-11-26"|75.54
1424|865|313|891|"1972-04-18"|38.46
1425|510|89|387|"2018-08-29"|57.78
1426|681|366|361|"1994-10-05"|63.28
1427|713|4|403|"2001-02-04"|50.77
1428|41|346|688|"1987-03-25"|23.89
1429|151|243|236|"1983-04-15"|79.34
1430|21|187|285|"1992-08-07"|36.02
1431|188|110|697|"1974-05-30"|62.74
1432|575|164|786|"2019-09-21"|57.47
1433|528|190|923|"1971-02-13"|74.02
1434|853|184|970|"1986-05-14"|78.73
1435|170|315|84|"2014-02-25"|32.19
1436|919|162|669|"1974-07-21"|35.46
1437|844|123|132|"2004-05-10"|30.01
1438|534|342|571|"2020-04-01"|80.38
1439|459|126|770|"1998-08-01"|46.60
1440|218|344|160|"2003-03-01"|33.94
1441|406|222|58|"2010-12-31"|50.22
1442|295|270|547|"1973-08-20"|31.40
1443|829|26|726|"1970-10-26"|35.64
1444|853|271|482|"2004-10-18"|40.97
1445|263|180|726|"1972-01-22"|96.16
1446|501|208|202|"1977-11-08"|50.45
1447|722|373|959|"1990-11-08"|47.84
1448|640|382|12|"2020-09-29"|83.96
1449|800|18|73|"1989-12-16"|88.01
1450|547|360|306|"1974-12-28"|89.98
1451|263|391|408|"1982-09-15"|99.23
1452|386|126|719|"1972-11-13"|90.06
1453|189|188|297|"2007-03-09"|97.51
1454|17|186|982|"2015-05-23"|80.04
1455|215|170|291|"1990-08-20"|46.28
1456|574|203|600|"1972-08-30"|29.96
1457|955|272|946|"2013-07-19"|99.42
1458|347|200|474|"1977-01-31"|44.54
1459|417|296|587|"2023-05-02"|51.32
1460|130|300|256|"2005-12-05"|83.89
1461|634|156|372|"1980-08-29"|56.01
1462|453|378|432|"1983-08-20"|76.58
1463|689|139|533|"2020-08-31"|94.32
1464|560|228|953|"1981-10-26"|48.15
1465|774|241|325|"2021-01-31"|83.18
1466|197|88|563|"2010-02-22"|71.99
1467|80|216|926|"2002-07-17"|10.69
1468|197|237|535|"2019-09-05"|75.10
1469|184|139|99|"2022-02-05"|35.30
1470|791|361|447|"1975-11-10"|98.49
1471|548|342|239|"1970-07-06"|66.42
1472|75|305|370|"1979-08-30"|87.43
1473|20|257|100|"2014-12-07"|66.06
1474|932|93|667|"2013-12-19"|76.41
1475|502|388|17|"2017-05-19"|33.69
1476|323|399|486|"1977-10-21"|10.36
1477|967|172|792|"2013-11-22"|39.01
1478|536|340|29|"1973-12-09"|15.79
1479|483|206|575|"2008-01-08"|38.86
1480|390|319|486|"1997-02-04"|83.63
1481|981|191|315|"1982-03-25"|48.98
1482|240|70|71|"1987-07-21"|15.46
1483|120|279|822|"1981-05-11"|17.45
1484|409|247|56|"1993-04-06"|38.08
1485|695|212|553|"1973-04-16"|45.05
1486|741|371|424|"1977-04-17"|21.69
1487|53|188|474|"1995-09-17"|12.69
1488|196|261|950|"2007-04-29"|78.94
1489|692|175|101|"1982-09-19"|56.47
1490|358|352|8|"1988-02-03"|99.10
1491|308|35|690|"1995-04-16"|41.33
1492|176|58|516|"2009-06-03"|22.71
1493|554|86|189|"2006-01-06"|23.94
1494|190|254|743|"1976-11-10"|76.07
1495|891|49|150|"2015-08-03"|23.13
1496|500|169|632|"2003-04-24"|53.96
1497|196|366|105|"1984-12-17"|55.48
1498|439|15|152|"2018-05-19"|74.83
1499|412|6|95|"2018-07-13"|96.81
1500|214|28|205|"2004-05-12"|60.12
1501|473|238|123|"2001-05-07"|82.99
1502|797|157|764|"1995-05-03"|34.27
1503|155|131|2|"1983-10-06"|91.68
1504|790|72|855|"2016-07-25"|45.98
1505|397|375|680|"1992-01-04"|31.74
1506|413|123|194|"1988-03-25"|89.81
1507|5|323|314|"1987-02-28"|53.21
1508|214|376|107|"2015-03-01"|58.91
1509|263|374|346|"1997-06-11"|40.23
1510|290|357|434|"1983-11-03"|81.37
1511|245|265|339|"2006-07-31"|30.46
1512|873|25|248|"1980-02-24"|79.10
1513|893|7|162|"1978-12-10"|62.07
1514|928|229|84|"1984-05-22"|27.30
1515|583|87|659|"1990-07-01"|92.07
1516|13|195|340|"2014-04-17"|46.07
1517|239|377|317|"1982-01-14"|59.08
1518|889|114|207|"1993-09-18"|80.92
1519|426|258|629|"2009-07-22"|94.82
1520|493|197|358|"2009-09-04"|96.11
1521|843|223|975|"1995-06-13"|86.54
1522|83|233|144|"2000-07-09"|86.59
1523|147|103|838|"2005-05-09"|70.35
1524|364|199|19|"1995-08-17"|36.57
1525|228|9|947|"1970-06-21"|96.17
1526|885|204|806|"2010-08-12"|38.82
1527|721|317|417|"2015-01-02"|12.62
1528|232|13|656|"1972-04-14"|85.03
1529|564|271|837|"1984-04-16"|40.20
1530|68|46|417|"1990-12-25"|83.19
1531|756|135|671|"1987-08-05"|20.78
1532|952|111|134|"1975-08-17"|97.36
1533|47|148|648|"2003-09-19"|71.02
1534|23|249|861|"2018-01-26"|26.04
1535|214|307|554|"2001-12-05"|57.22
1536|721|172|559|"1984-07-24"|65.46
1537|811|2|676|"1984-05-06"|63.65
1538|951|102|321|"2009-03-17"|60.26
1539|407|298|969|"2018-01-02"|92.59
1540|199|13|815|"1977-05-11"|65.22
1541|128|66|544|"2021-01-12"|46.14
1542|164|332|499|"2012-08-25"|18.44
1543|446|175|441|"2015-03-02"|31.31
1544|877|100|338|"1971-08-30"|24.77
1545|592|153|255|"1987-06-14"|97.21
1546|349|17|619|"1988-10-22"|18.54
1547|598|124|474|"1989-04-21"|12.78
1548|161|31|20|"2006-03-18"|37.49
1549|292|78|661|"1993-11-07"|95.04
1550|799|234|188|"1999-10-27"|17.74
1551|620|20|767|"1977-06-26"|58.59
1552|117|359|194|"1995-08-30"|80.18
1553|738|336|47|"2021-10-31"|51.85
1554|358|149|601|"2009-05-04"|91.02
1555|302|391|966|"1994-10-24"|66.07
1556|18|31|182|"1975-01-04"|79.79
1557|506|310|618|"1982-03-05"|56.98
1558|502|236|172|"1979-07-26"|31.78
1559|451|319|370|"1980-10-28"|70.75
1560|226|175|149|"2004-07-28"|97.31
1561|972|286|339|"2019-08-24"|58.48
1562|64|14|331|"1997-06-14"|67.11
1563|998|68|540|"1974-02-24"|34.20
1564|813|216|605|"2021-11-11"|42.22
1565|319|64|356|"1970-07-29"|32.72
1566|369|188|254|"2023-07-09"|42.65
1567|209|18|256|"1987-03-19"|13.18
1568|17|234|20|"2007-12-20"|75.40
1569|31|360|486|"2023-02-04"|16.08
1570|397|191|850|"2017-02-01"|71.54
1571|755|108|741|"1997-05-28"|97.47
1572|14|34|592|"2011-12-21"|30.54
1573|536|97|491|"1991-06-08"|44.88
1574|984|334|487|"1982-11-06"|57.36
1575|685|345|96|"1982-09-27"|70.90
1576|100|144|753|"2005-08-24"|29.24
1577|873|205|240|"2001-01-23"|63.10
1578|851|70|784|"1973-03-21"|29.70
1579|614|397|526|"1987-01-22"|40.47
1580|794|48|401|"2015-03-06"|50.56
1581|125|372|799|"2006-12-21"|97.01
1582|938|284|365|"2015-01-11"|87.82
1583|59|385|434|"1997-11-08"|13.05
1584|745|99|986|"2016-09-29"|61.73
1585|917|2|872|"1990-05-15"|56.10
1586|127|213|676|"1970-09-15"|58.88
1587|440|11|525|"2021-01-17"|81.26
1588|407|327|362|"1973-06-30"|15.58
1589|276|335|667|"1979-06-10"|45.65
1590|2|360|217|"1980-06-14"|51.77
1591|291|126|366|"1985-04-29"|47.56
1592|619|274|612|"1979-06-19"|29.57
1593|891|228|805|"2000-11-08"|42.67
1594|97|41|116|"2022-04-08"|53.87
1595|802|384|777|"1994-01-19"|38.45
1596|259|116|508|"2022-09-13"|71.96
1597|612|51|387|"2013-05-25"|31.04
1598|358|173|801|"2021-09-08"|62.28
1599|599|320|653|"1971-04-15"|51.77
1600|594|8|987|"1985-07-05"|18.03
1601|269|182|34|"1999-10-19"|64.10
1602|229|314|791|"2021-06-12"|84.88
1603|64|61|120|"1997-11-06"|39.79
1604|618|269|617|"2003-01-12"|88.73
1605|130|30|411|"1997-07-12"|28.46
1606|58|160|164|"1985-12-11"|93.51
1607|32|213|998|"1989-08-05"|71.70
1608|498|77|316|"2014-10-01"|98.71
1609|510|308|694|"2000-12-04"|63.52
1610|67|169|975|"2010-12-20"|79.03
1611|497|391|90|"1986-04-09"|34.36
1612|172|309|138|"2011-12-17"|85.42
1613|305|186|658|"2016-05-08"|26.49
1614|480|252|594|"2008-10-17"|51.70
1615|731|310|991|"1970-06-08"|49.75
1616|616|386|678|"1981-11-13"|79.27
1617|380|315|644|"2007-08-12"|53.57
1618|717|44|982|"1974-02-07"|22.59
1619|33|20|486|"1993-11-20"|48.67
1620|91|225|719|"2021-02-19"|66.84
1621|133|219|212|"1980-03-11"|47.36
1622|336|385|28|"2001-07-04"|53.37
1623|737|358|769|"2006-11-26"|92.01
1624|783|173|83|"2017-07-21"|46.44
1625|270|358|27|"2011-12-15"|25.33
1626|869|295|526|"2012-05-03"|80.38
1627|610|365|274|"1999-07-06"|96.59
1628|566|6|996|"2006-03-11"|25.73
1629|140|139|540|"2015-12-30"|69.57
1630|529|294|160|"2023-06-27"|72.96
1631|213|385|633|"1970-04-12"|20.21
1632|300|5|169|"1999-09-06"|99.62
1633|392|143|591|"1991-10-05"|28.65
1634|543|1|221|"1990-12-24"|29.55
1635|995|217|125|"1977-04-24"|82.58
1636|222|294|826|"2005-07-07"|23.86
1637|371|213|574|"2010-04-06"|56.34
1638|312|322|479|"1986-11-12"|80.90
1639|779|154|813|"1994-04-09"|21.59
1640|626|1|469|"1970-06-26"|15.32
1641|344|115|355|"1979-10-18"|75.69
1642|363|223|891|"1985-03-17"|80.06
1643|761|154|791|"1988-09-30"|69.84
1644|90|373|590|"1971-06-03"|30.74
1645|766|342|702|"2004-05-14"|95.19
1646|795|227|349|"2009-02-07"|29.73
1647|923|390|662|"2019-09-16"|13.44
1648|43|310|68|"1986-10-08"|97.47
1649|124|208|844|"1974-08-11"|98.00
1650|186|339|549|"1980-06-22"|32.17
1651|203|191|681|"2013-08-14"|42.72
1652|579|23|840|"1993-11-02"|52.28
1653|745|372|198|"1970-03-10"|80.07
1654|998|120|727|"2005-11-04"|90.47
1655|951|120|110|"1996-04-08"|23.93
1656|842|190|258|"1996-03-23"|37.28
1657|462|25|21|"2004-06-14"|24.71
1658|620|117|534|"2002-07-10"|98.60
1659|401|73|614|"2020-08-31"|31.99
1660|580|369|501|"1985-04-13"|15.57
1661|309|218|952|"1995-04-15"|42.41
1662|481|70|167|"2013-11-02"|11.77
1663|525|146|755|"1993-05-24"|90.00
1664|562|131|507|"1979-07-06"|49.08
1665|441|119|153|"1997-07-27"|45.13
1666|53|201|48|"2009-04-06"|86.76
1667|413|6|614|"1978-02-18"|89.48
1668|695|12|59|"1989-05-23"|59.43
1669|882|62|488|"1990-08-12"|60.27
1670|929|304|797|"1973-10-07"|60.13
1671|393|9|635|"1970-06-01"|43.91
1672|235|163|608|"1972-02-01"|71.99
1673|647|319|184|"1991-12-01"|82.94
1674|997|327|983|"2020-11-05"|49.99
1675|918|377|572|"2004-04-09"|47.90
1676|784|396|282|"2023-01-10"|50.78
1677|920|4|732|"2022-05-28"|89.66
1678|725|283|684|"1974-11-23"|45.77
1679|414|42|584|"1996-07-13"|87.04
1680|105|377|188|"1996-12-27"|25.37
1681|504|398|393|"1992-03-10"|93.25
1682|133|308|687|"1983-12-18"|87.45
1683|443|127|429|"2009-06-21"|61.17
1684|324|106|237|"1989-11-20"|71.97
1685|365|184|158|"2022-12-19"|20.43
1686|179|251|730|"1996-03-01"|95.51
1687|753|236|977|"2022-09-29"|38.86
1688|26|387|634|"1979-05-13"|70.70
1689|118|199|812|"2012-06-02"|65.28
1690|79|399|356|"2013-08-24"|29.21
1691|987|262|875|"1976-11-16"|81.15
1692|197|86|830|"1976-08-08"|82.16
1693|190|10|482|"1971-04-18"|12.79
1694|430|375|563|"1985-02-23"|39.42
1695|594|371|862|"1989-12-11"|68.53
1696|528|361|922|"2019-12-07"|72.32
1697|584|62|476|"1984-07-15"|43.31
1698|147|299|820|"1995-03-28"|73.55
1699|708|39|932|"2014-04-13"|21.30
1700|523|159|614|"2001-06-30"|82.88
1701|223|206|624|"2015-02-25"|78.68
1702|748|119|339|"2004-08-04"|25.46
1703|455|273|66|"2012-09-21"|50.47
1704|467|361|431|"1993-08-11"|89.74
1705|440|162|108|"1979-04-08"|15.99
1706|738|392|211|"1974-05-21"|30.99
1707|153|165|63|"2008-12-06"|76.82
1708|127|392|456|"2008-06-11"|11.16
1709|529|130|585|"1995-11-15"|47.83
1710|212|28|859|"1973-03-10"|33.33
1711|885|270|637|"2015-04-02"|37.91
1712|910|138|937|"2007-02-23"|70.64
1713|163|314|440|"1999-04-02"|54.59
1714|943|102|738|"2006-07-03"|11.38
1715|750|301|135|"1989-10-07"|18.10
1716|827|360|418|"1999-11-12"|27.42
1717|504|2|97|"2014-12-31"|11.18
1718|105|224|237|"1990-04-27"|94.42
1719|359|242|506|"1975-10-21"|90.78
1720|257|384|727|"1993-04-03"|85.36
1721|655|179|579|"1992-12-19"|47.55
1722|570|215|447|"1976-05-21"|98.39
1723|936|143|385|"1984-08-15"|88.20
1724|648|41|201|"1985-05-16"|23.93
1725|320|107|19|"1998-04-14"|29.08
1726|342|360|993|"2009-07-15"|50.01
1727|143|200|412|"1998-04-06"|90.80
1728|183|131|410|"1993-11-25"|42.08
1729|584|66|855|"1998-10-10"|30.45
1730|721|275|111|"1998-08-27"|63.19
1731|615|132|381|"1992-04-07"|68.48
1732|725|301|654|"2012-05-27"|83.97
1733|641|396|237|"2018-09-14"|54.69
1734|741|55|112|"1994-03-31"|98.61
1735|655|85|285|"1998-12-17"|12.18
1736|942|285|847|"1986-04-27"|53.41
1737|185|201|659|"1970-05-01"|53.09
1738|649|25|967|"2019-07-14"|60.92
1739|971|317|561|"2002-05-28"|14.24
1740|182|56|68|"2019-04-23"|97.47
1741|672|117|302|"2016-02-25"|78.86
1742|436|185|577|"2022-07-25"|72.65
1743|546|32|52|"1974-12-18"|57.90
1744|519|378|337|"1984-04-17"|41.47
1745|360|316|500|"1986-02-18"|32.13
1746|761|208|986|"2011-04-10"|86.52
1747|321|399|422|"2007-03-14"|93.63
1748|485|93|757|"1972-02-19"|63.85
1749|629|151|946|"1996-04-13"|14.93
1750|531|316|253|"2015-01-03"|13.54
1751|889|49|786|"2005-02-16"|53.31
1752|48|141|518|"2010-11-27"|54.66
1753|25|335|917|"2016-11-08"|29.97
1754|394|60|449|"1985-10-16"|80.31
1755|59|44|696|"2021-06-23"|30.13
1756|325|238|162|"2009-09-24"|36.74
1757|523|35|177|"1977-01-01"|99.83
1758|807|217|435|"1982-08-25"|56.18
1759|935|318|657|"2004-02-05"|99.42
1760|362|45|706|"1989-01-01"|22.19
1761|589|3|611|"2012-01-31"|86.77
1762|242|397|34|"1998-10-18"|41.85
1763|56|245|782|"1989-01-10"|48.40
1764|500|380|172|"2007-06-12"|98.73
1765|385|280|747|"1973-08-31"|15.84
1766|306|281|406|"2019-02-21"|75.49
1767|148|51|439|"2002-10-28"|27.90
1768|581|227|371|"2022-10-09"|73.25
1769|721|20|177|"2013-12-28"|28.89
1770|97|341|650|"2010-07-12"|39.38
1771|675|41|97|"1982-05-14"|30.09
1772|56|400|605|"2017-10-12"|68.25
1773|300|12|244|"2001-02-07"|79.35
1774|855|371|320|"2020-06-18"|60.11
1775|965|109|22|"2008-04-19"|97.57
1776|808|373|748|"1990-11-03"|25.31
1777|131|41|875|"1975-11-17"|68.42
1778|98|230|50|"1981-12-05"|49.81
1779|675|314|537|"1979-04-08"|68.33
1780|156|119|200|"1985-06-04"|15.04
1781|355|337|764|"1978-07-20"|61.82
1782|47|52|790|"1977-10-20"|70.63
1783|163|136|597|"1977-12-07"|95.39
1784|732|181|386|"1984-01-22"|50.53
1785|300|55|841|"2002-10-18"|54.83
1786|73|83|694|"1978-01-28"|33.79
1787|37|7|431|"1973-04-23"|50.45
1788|303|97|106|"1990-05-29"|34.67
1789|265|104|136|"1972-08-28"|35.03
1790|420|30|790|"1994-03-29"|25.94
1791|184|248|841|"1998-11-19"|16.11
1792|175|98|587|"1979-01-18"|48.33
1793|88|239|173|"2006-12-18"|41.86
1794|620|126|976|"1974-11-21"|79.68
1795|916|164|496|"1980-07-28"|20.67
1796|684|263|487|"2002-07-24"|17.36
1797|654|340|413|"1999-03-14"|41.94
1798|503|364|568|"1973-08-31"|88.77
1799|511|219|805|"1977-06-01"|80.55
1800|325|101|621|"1977-11-12"|61.60
1801|513|310|715|"1987-12-30"|86.75
1802|631|245|344|"2004-01-02"|52.08
1803|140|211|33|"2015-10-30"|91.64
1804|636|236|186|"1976-04-20"|82.61
1805|19|104|348|"2007-03-24"|12.13
1806|541|372|863|"2012-02-10"|76.78
1807|735|132|410|"1974-12-04"|27.43
1808|109|99|527|"2013-12-17"|55.52
1809|191|7|303|"1982-12-04"|86.22
1810|657|174|20|"1996-10-27"|61.10
1811|138|101|862|"2007-08-06"|65.00
1812|222|77|763|"1998-05-12"|85.49
1813|84|223|2|"1991-03-01"|73.51
1814|574|43|671|"1995-11-19"|11.26
1815|890|87|285|"2007-03-10"|65.61
1816|676|384|289|"1996-03-04"|85.16
1817|239|285|21|"2017-06-01"|36.15
1818|721|334|992|"2012-07-02"|80.09
1819|206|271|249|"1996-01-05"|23.20
1820|573|301|584|"2007-03-24"|47.24
1821|132|183|110|"2006-09-06"|50.52
1822|441|266|897|"1986-11-30"|11.82
1823|98|309|412|"1991-02-14"|49.32
1824|396|229|953|"1977-02-08"|10.48
1825|221|174|133|"1981-09-04"|13.91
1826|755|262|629|"2020-05-08"|55.95
1827|230|24|298|"1999-11-27"|57.55
1828|589|143|338|"2003-11-16"|57.04
1829|500|70|875|"1983-12-12"|10.03
1830|607|10|818|"1982-06-10"|13.73
1831|935|10|873|"2003-03-22"|42.61
1832|477|359|596|"1983-04-12"|27.73
1833|390|88|791|"2005-01-16"|50.99
1834|205|329|417|"2018-12-02"|95.88
1835|654|399|363|"1996-03-21"|83.76
1836|513|169|204|"2023-03-20"|90.60
1837|54|316|601|"2020-07-16"|31.45
1838|630|196|826|"2009-08-12"|94.69
1839|298|239|89|"2009-02-10"|52.34
1840|214|76|199|"2006-10-18"|66.87
1841|3|211|169|"1990-09-19"|86.86
1842|159|248|452|"1974-02-01"|29.75
1843|794|81|54|"2020-09-01"|63.22
1844|321|208|844|"1990-03-31"|45.80
1845|781|142|5|"2013-10-19"|16.71
1846|983|52|474|"1973-08-09"|64.89
1847|992|76|684|"1989-01-01"|52.82
1848|65|120|145|"2020-07-01"|42.73
1849|430|14|539|"2009-09-09"|52.76
1850|180|397|607|"2003-08-31"|36.48
1851|847|125|202|"1978-04-21"|63.04
1852|693|238|650|"1972-02-06"|20.12
1853|260|25|776|"1998-10-26"|68.49
1854|252|87|16|"2017-09-04"|43.62
1855|489|43|407|"2000-08-05"|27.09
1856|168|205|777|"2013-05-24"|13.48
1857|129|382|865|"2003-08-17"|95.90
1858|424|76|32|"2000-12-30"|22.14
1859|495|320|890|"2008-07-11"|64.53
1860|671|298|69|"2023-05-21"|23.78
1861|652|359|55|"1990-06-28"|51.57
1862|502|182|315|"2014-12-30"|28.84
1863|832|204|264|"2016-11-17"|78.42
1864|950|92|755|"1993-10-15"|56.03
1865|883|231|622|"1993-01-21"|58.69
1866|726|218|8|"1989-02-23"|14.47
1867|691|212|539|"2009-11-14"|35.18
1868|141|60|805|"2007-03-28"|70.14
1869|606|109|260|"2019-09-25"|11.47
1870|260|268|529|"1979-01-11"|33.47
1871|651|347|63|"2017-05-01"|78.71
1872|875|285|28|"2012-12-08"|22.30
1873|705|125|215|"1997-02-02"|53.13
1874|550|248|457|"1991-10-19"|79.23
1875|586|95|596|"2019-09-12"|65.13
1876|499|363|923|"2007-05-18"|47.81
1877|51|265|175|"2021-02-17"|21.79
1878|326|335|965|"2019-10-26"|59.28
1879|102|80|775|"2017-04-25"|79.64
1880|304|196|87|"1984-07-28"|36.88
1881|452|39|864|"1975-02-21"|27.74
1882|781|226|582|"1986-03-19"|72.22
1883|664|261|655|"1989-05-01"|32.86
1884|646|301|777|"2007-09-27"|15.40
1885|295|4|466|"2010-12-21"|29.17
1886|231|62|315|"2006-08-25"|76.70
1887|474|235|134|"1989-01-24"|66.42
1888|996|329|546|"1983-04-14"|67.39
1889|499|364|642|"2017-11-07"|61.16
1890|44|36|142|"1989-05-24"|76.39
1891|526|293|595|"2005-05-08"|11.70
1892|626|267|540|"1974-04-12"|96.97
1893|543|292|480|"2014-07-04"|72.43
1894|850|18|419|"2010-05-26"|39.60
1895|144|204|107|"1986-08-05"|87.11
1896|181|241|257|"2019-10-15"|20.26
1897|286|200|838|"1994-06-02"|55.55
1898|698|40|35|"2020-11-30"|93.61
1899|753|10|542|"1985-01-26"|63.59
1900|639|330|832|"1978-06-09"|51.38
1901|593|277|488|"2008-02-18"|78.79
1902|33|369|587|"1985-05-09"|28.94
1903|103|343|672|"2016-03-23"|86.13
1904|460|63|727|"2001-01-14"|33.33
1905|933|138|165|"1971-11-21"|68.74
1906|926|217|746|"1984-06-14"|38.99
1907|947|24|81|"1982-11-25"|44.66
1908|582|340|129|"1996-08-20"|48.87
1909|389|399|570|"2005-02-09"|79.06
1910|509|86|896|"1996-09-07"|98.16
1911|880|204|98|"1992-09-08"|55.48
1912|531|42|698|"2005-10-09"|37.99
1913|265|76|526|"1970-04-13"|41.67
1914|361|302|631|"2021-09-09"|99.01
1915|480|151|988|"1982-12-23"|74.88
1916|253|111|205|"1986-11-23"|78.36
1917|545|16|73|"1988-05-21"|85.28
1918|493|313|461|"1980-12-30"|97.77
1919|294|343|93|"2022-10-18"|82.30
1920|816|378|123|"1995-03-27"|33.25
1921|712|242|290|"1982-04-13"|77.78
1922|284|169|577|"2008-06-06"|31.16
1923|797|385|393|"1979-02-07"|91.37
1924|916|203|167|"1994-01-04"|49.25
1925|818|342|907|"1983-09-05"|92.36
1926|1000|21|103|"2003-08-10"|28.94
1927|639|254|27|"2004-10-18"|46.02
1928|315|89|579|"2008-06-19"|81.24
1929|615|190|759|"2004-02-18"|32.29
1930|226|392|463|"2010-01-25"|34.55
1931|553|91|813|"2018-02-16"|15.90
1932|362|244|742|"2018-01-14"|31.58
1933|36|158|441|"1982-02-17"|48.53
1934|625|315|269|"1996-09-07"|66.27
1935|231|53|498|"1986-02-06"|11.89
1936|202|110|67|"1981-10-06"|65.99
1937|611|131|314|"1970-03-08"|75.37
1938|349|157|836|"1999-07-05"|33.50
1939|316|168|979|"1993-04-10"|61.01
1940|311|128|575|"1980-08-27"|27.94
1941|916|76|948|"1977-06-06"|35.18
1942|989|133|351|"1970-12-19"|54.74
1943|561|171|488|"2023-02-07"|87.03
1944|482|368|990|"1986-02-15"|82.57
1945|183|90|526|"2001-06-26"|15.51
1946|774|222|507|"1994-02-23"|15.55
1947|660|41|509|"2006-04-24"|82.95
1948|206|96|471|"2022-02-02"|79.07
1949|625|106|308|"2019-05-15"|94.97
1950|505|18|14|"1993-03-01"|30.57
1951|22|92|78|"2000-09-01"|46.26
1952|133|329|172|"2003-11-24"|42.79
1953|452|336|540|"1981-02-16"|89.21
1954|282|387|331|"1998-09-15"|94.73
1955|525|374|499|"1971-06-16"|71.60
1956|81|382|262|"2017-04-27"|74.81
1957|766|155|48|"1988-11-16"|94.92
1958|718|184|640|"1974-08-27"|73.91
1959|972|256|578|"1978-04-18"|39.31
1960|463|53|38|"1976-02-17"|33.09
1961|191|257|605|"2016-11-14"|19.08
1962|470|208|402|"1987-08-14"|21.12
1963|656|271|651|"1986-09-12"|92.97
1964|708|185|150|"2005-08-08"|35.43
1965|278|330|989|"2019-04-29"|23.01
1966|260|272|23|"1988-07-01"|47.21
1967|777|128|753|"2015-05-29"|55.96
1968|707|373|149|"2013-05-30"|56.66
1969|508|156|962|"1997-06-03"|46.67
1970|429|75|859|"1971-05-13"|89.19
1971|307|357|62|"1993-08-06"|44.03
1972|14|275|765|"1979-11-26"|48.70
1973|635|356|630|"1999-10-30"|14.47
1974|332|117|984|"1995-03-15"|46.54
1975|516|285|824|"2003-06-15"|45.72
1976|396|277|197|"2003-07-16"|29.64
1977|472|222|757|"1978-01-25"|96.22
1978|569|223|395|"2006-09-20"|15.08
1979|966|122|766|"1991-02-24"|84.64
1980|897|361|724|"1977-03-31"|68.99
1981|771|148|304|"1988-08-30"|99.72
1982|921|175|164|"1999-12-09"|66.83
1983|366|54|379|"1981-03-12"|47.19
1984|883|203|691|"2011-05-19"|39.14
1985|741|243|150|"1995-09-07"|48.33
1986|988|356|885|"2003-05-11"|55.68
1987|569|392|785|"2019-06-09"|65.82
1988|513|15|939|"1992-05-29"|65.71
1989|761|285|863|"1970-04-08"|12.23
1990|603|358|685|"2021-01-08"|31.44
1991|706|170|86|"1992-09-21"|30.70
1992|232|99|338|"2000-02-16"|50.06
1993|376|126|142|"2004-09-07"|24.15
1994|196|199|523|"1985-03-10"|35.23
1995|473|341|822|"1988-07-08"|83.14
1996|105|172|461|"2006-08-09"|39.03
1997|519|314|520|"2016-12-05"|84.70
1998|435|245|621|"2021-12-11"|85.99
1999|351|167|557|"2018-11-13"|26.20
2000|362|230|963|"1985-08-14"|62.50
